l1,l2,l3,l4,l5,l6,l7,acc
4,8,3,3,6,3,3,10.88
4,6,8,5,3,8,8,9.899999999999999
4,8,5,8,3,3,4,9.58
8,3,8,4,4,3,8,10.640000000000004
3,8,3,5,3,8,8,10.060000000000002
5,5,6,8,5,8,4,69.44
3,5,4,5,3,8,6,10.119999999999996
8,6,5,4,3,8,4,10.780000000000001
6,5,6,4,5,5,4,22.46
6,8,5,8,5,3,8,10.68
8,3,8,5,4,4,4,9.940000000000005
4,6,3,4,3,5,6,9.340000000000003
6,4,4,8,8,8,6,70.76
6,4,5,6,5,5,3,9.960000000000003
5,5,8,5,3,8,5,10.240000000000006
5,4,8,5,5,3,8,10.119999999999996
4,8,6,3,4,6,3,10.440000000000005
4,8,6,5,4,8,4,18.14
8,4,5,8,3,8,6,9.660000000000002
3,3,8,8,4,5,6,10.040000000000004
3,5,6,4,5,8,5,28.939999999999998
6,4,8,5,6,5,8,77.94
6,3,5,6,8,8,4,9.919999999999995
8,6,4,8,3,6,8,10.299999999999997
4,3,5,8,5,8,6,38.7
4,3,8,3,5,3,5,10.119999999999996
8,8,6,5,4,4,5,26.52
8,6,8,5,8,5,8,86.02
5,3,4,3,6,8,6,10.08
3,3,8,5,6,3,5,9.219999999999995
3,4,5,3,6,5,6,10.060000000000002
5,6,5,6,4,5,5,65.22
5,6,5,4,6,4,3,10.099999999999998
3,8,3,4,6,5,6,9.940000000000005
6,8,8,3,5,8,6,27.580000000000005
8,3,8,4,5,8,4,10.540000000000004
4,4,3,8,3,4,6,9.119999999999994
5,5,8,6,8,6,4,74.9
5,4,4,6,6,5,5,65.88000000000001
8,6,3,4,8,4,6,10.08
5,5,3,4,5,8,8,9.78
5,3,6,6,4,5,8,10.460000000000003
6,8,3,6,3,4,6,9.940000000000005
6,3,3,6,5,4,6,9.68
4,5,5,4,8,6,6,64.68
6,4,8,6,3,8,4,9.599999999999998
5,6,6,5,5,6,4,67.17999999999999
6,6,3,4,3,6,8,10.58
5,8,3,3,5,8,3,10.440000000000005
4,6,6,6,3,8,3,10.740000000000006
5,3,5,4,8,6,3,10.58
8,4,6,4,3,6,6,10.399999999999999
3,4,4,4,8,3,6,9.919999999999995
4,4,6,8,5,4,8,49.53999999999999
4,5,8,5,5,4,3,10.719999999999995
4,8,8,4,3,5,3,9.860000000000003
8,6,3,8,3,5,4,9.299999999999997
8,5,4,4,8,5,3,10.98
5,8,5,5,3,6,5,9.68
8,5,5,3,6,8,8,45.52
3,8,5,6,6,6,8,64.88000000000001
4,3,8,3,3,4,5,9.799999999999997
6,5,5,8,5,4,5,65.0
3,5,5,4,8,3,6,10.360000000000003
6,3,8,6,5,6,5,33.660000000000004
4,8,3,6,6,6,5,25.339999999999996
4,5,6,4,3,8,5,9.379999999999999
6,5,3,6,3,6,6,10.399999999999999
8,5,4,5,5,4,5,42.559999999999995
3,3,5,8,4,4,5,9.519999999999996
4,5,5,5,3,5,6,9.699999999999998
6,4,6,5,4,3,8,9.879999999999999
8,4,6,4,5,8,8,55.42
3,5,3,6,4,8,4,10.599999999999998
4,5,3,5,8,4,5,9.760000000000002
4,8,6,3,3,6,4,9.060000000000002
3,4,3,8,8,8,5,9.340000000000003
4,8,3,5,6,5,8,16.220000000000002
3,6,3,6,6,4,5,9.899999999999999
5,4,5,6,5,3,5,9.660000000000002
8,3,4,3,4,5,6,10.280000000000001
6,5,4,5,3,6,5,9.840000000000003
8,3,6,6,6,5,6,42.04
5,3,8,5,3,6,5,9.660000000000002
6,5,6,8,6,4,6,71.28
6,8,4,5,6,5,4,46.58
5,6,5,6,3,8,4,9.860000000000003
3,3,4,3,8,5,4,10.099999999999998
4,5,6,3,6,3,6,9.199999999999998
5,5,3,6,8,8,6,41.6
4,6,5,3,4,4,5,10.060000000000002
8,3,3,5,5,6,5,9.960000000000003
3,3,5,5,6,6,8,24.7
8,6,8,8,5,4,3,9.999999999999998
6,8,8,5,6,3,8,10.38
3,8,4,3,4,5,4,9.719999999999995
3,8,5,4,8,6,8,38.82
3,6,8,6,6,3,5,9.399999999999997
4,3,8,6,8,8,3,9.360000000000001
4,3,8,3,5,6,5,9.419999999999995
5,4,8,8,5,5,5,77.03999999999999
5,6,3,6,6,4,5,9.719999999999995
3,5,3,6,8,3,3,9.68
8,6,6,3,4,4,5,9.999999999999998
3,3,3,4,5,3,5,9.940000000000005
5,4,3,4,3,5,5,10.240000000000006
4,8,8,3,5,6,6,13.680000000000003
8,4,3,5,4,5,4,9.98
4,5,3,5,6,5,5,9.899999999999999
5,5,8,5,6,3,8,9.419999999999995
6,5,6,3,3,6,6,10.019999999999996
3,4,6,8,3,8,8,10.140000000000004
3,8,8,8,5,8,4,27.559999999999995
8,4,8,4,8,4,6,10.540000000000004
4,3,5,3,8,5,8,9.540000000000004
3,6,4,4,4,5,3,10.340000000000005
4,3,8,6,4,6,6,11.119999999999997
3,3,6,4,4,4,8,10.019999999999996
5,6,3,6,5,4,8,10.340000000000005
6,5,4,8,6,3,5,9.899999999999999
3,5,3,6,6,3,8,9.340000000000003
5,6,8,3,6,6,6,33.160000000000004
6,3,6,5,3,8,3,10.38
6,5,4,5,4,8,5,51.64
5,3,3,3,4,8,3,9.560000000000002
5,8,6,6,5,4,4,35.260000000000005
5,3,6,8,5,5,5,26.919999999999998
4,3,3,4,5,8,6,9.960000000000003
4,4,8,3,3,8,5,10.160000000000002
8,5,4,5,3,3,4,10.18
6,6,8,8,3,5,6,9.58
5,5,3,3,6,4,5,10.460000000000003
3,8,4,8,6,3,3,10.119999999999996
8,4,5,5,8,3,3,9.699999999999998
8,6,5,8,8,8,3,10.460000000000003
8,6,4,4,6,8,8,59.06
5,3,5,4,5,4,8,9.619999999999996
6,4,5,6,4,5,6,54.89999999999999
5,3,3,6,8,5,3,9.98
4,4,6,6,4,5,4,10.860000000000003
3,8,8,3,3,4,3,9.46
5,6,5,6,3,3,4,10.540000000000004
8,8,6,3,8,8,5,12.980000000000002
4,4,6,5,4,8,8,53.78000000000001
3,5,3,8,8,4,8,9.819999999999995
6,6,3,6,6,6,5,36.019999999999996
3,4,3,5,5,3,3,10.299999999999997
4,3,6,6,5,3,3,9.140000000000004
4,4,5,6,5,5,8,72.24
6,5,5,3,5,8,6,25.739999999999995
4,5,8,5,8,3,6,9.940000000000005
8,8,6,5,8,6,8,87.64
6,3,3,6,5,4,8,9.48
6,3,3,3,6,3,4,9.940000000000005
5,6,8,6,4,4,8,37.8
4,5,8,4,5,6,5,60.24
5,5,6,4,6,5,8,65.44
6,5,5,5,3,6,3,10.399999999999999
4,6,4,3,6,5,6,9.299999999999997
3,8,6,8,5,5,4,20.299999999999997
5,5,8,8,3,3,4,9.960000000000003
5,8,6,8,8,6,4,76.3
5,8,5,3,8,6,3,10.299999999999997
5,6,4,3,8,6,3,10.280000000000001
4,4,6,6,8,5,4,47.199999999999996
6,4,5,5,8,6,3,9.640000000000004
6,3,4,5,3,6,3,10.240000000000006
4,4,5,3,3,3,4,9.519999999999996
5,6,5,8,8,3,3,9.699999999999998
4,3,6,6,6,8,4,10.219999999999995
4,5,5,5,8,5,5,79.82000000000001
8,3,6,4,4,6,4,10.060000000000002
3,5,3,5,8,4,8,9.199999999999998
6,8,8,3,4,3,8,9.740000000000004
4,8,4,6,4,6,3,9.519999999999996
8,3,8,8,8,6,4,9.999999999999998
5,4,8,3,8,5,3,9.819999999999995
5,3,4,4,8,6,6,10.140000000000004
3,5,3,5,5,8,4,9.919999999999995
8,5,3,8,3,4,5,10.540000000000004
3,5,5,4,5,6,5,30.620000000000005
6,8,8,4,3,3,6,9.879999999999999
6,4,4,4,5,6,5,40.78000000000001
4,3,8,3,5,4,4,9.799999999999997
5,5,8,5,8,4,4,25.660000000000004
4,6,6,4,5,6,5,62.72
4,8,6,8,8,6,8,91.44
5,5,3,3,3,6,8,9.540000000000004
4,6,4,3,5,8,4,10.740000000000006
5,4,5,3,3,5,3,9.319999999999995
4,6,3,8,5,8,3,9.879999999999999
5,5,4,8,8,6,5,76.3
4,5,6,5,3,3,3,9.819999999999995
3,3,4,6,3,8,5,10.740000000000006
5,8,3,6,3,4,3,9.899999999999999
4,5,4,8,5,5,3,9.199999999999998
8,8,8,3,5,4,3,9.740000000000004
4,8,6,8,3,3,8,10.140000000000004
3,6,5,5,8,3,8,9.68
3,8,5,5,3,5,6,9.899999999999999
3,3,8,6,5,8,6,20.26
6,6,4,8,8,8,4,55.76
8,4,4,3,8,5,3,9.819999999999995
5,4,6,8,8,8,8,84.48
8,4,8,6,4,3,6,10.18
8,8,8,6,8,3,5,10.019999999999996
3,8,4,5,4,3,5,10.499999999999998
4,3,6,6,4,4,8,10.499999999999998
6,8,5,4,5,5,5,63.260000000000005
4,8,4,3,8,5,6,10.099999999999998
3,5,8,3,3,5,5,10.040000000000004
3,8,4,4,3,3,8,9.68
6,8,4,4,8,4,3,10.060000000000002
4,6,3,6,4,5,6,9.78
5,5,6,6,4,6,4,33.42
8,4,6,6,8,6,8,82.86
3,6,5,5,5,4,6,31.020000000000003
5,6,3,5,5,8,3,10.18
6,3,6,3,4,3,3,9.840000000000003
3,8,4,3,8,6,6,9.819999999999995
5,6,6,4,6,3,5,9.819999999999995
5,6,8,3,4,6,5,10.140000000000004
5,3,5,6,4,5,4,10.240000000000006
3,6,5,4,3,5,8,9.799999999999997
4,6,4,8,6,4,4,9.78
8,8,5,5,4,4,5,24.760000000000005
5,3,5,6,5,4,5,10.340000000000005
3,5,5,4,3,6,4,10.08
3,4,8,3,8,8,4,9.560000000000002
3,4,5,3,5,8,6,9.699999999999998
5,4,4,5,4,4,3,10.060000000000002
4,4,8,6,3,5,8,10.140000000000004
6,3,8,6,5,5,6,34.38
4,8,3,4,4,8,5,9.540000000000004
3,5,4,6,3,5,5,10.240000000000006
6,6,8,4,5,3,5,9.999999999999998
3,3,3,6,8,8,5,9.440000000000005
4,3,6,4,5,8,8,16.180000000000007
6,6,5,8,5,3,6,9.960000000000003
3,8,3,6,6,3,8,9.879999999999999
3,5,4,6,6,8,4,15.439999999999998
5,3,8,6,3,3,4,9.78
4,8,6,8,5,3,5,9.819999999999995
3,5,5,6,4,8,8,37.3
5,5,8,8,6,3,6,9.860000000000003
6,3,3,5,5,8,6,9.98
4,3,8,6,8,3,4,9.98
5,6,3,4,3,5,4,10.099999999999998
6,8,6,8,4,6,5,70.24000000000001
6,5,6,3,6,5,6,12.839999999999996
3,6,8,5,3,5,5,10.340000000000005
3,6,4,5,8,3,6,10.799999999999999
5,3,5,5,6,6,8,45.28
4,5,4,6,3,3,6,10.160000000000002
4,6,3,8,6,4,3,9.199999999999998
4,8,5,8,4,4,3,9.819999999999995
4,8,3,5,4,6,5,9.58
4,4,6,3,3,3,8,10.460000000000003
3,6,4,3,5,3,3,9.28
8,4,5,8,3,8,4,9.099999999999998
3,5,3,6,8,4,3,9.299999999999997
5,5,3,6,5,4,6,9.899999999999999
8,4,5,8,5,6,3,9.78
6,5,8,3,6,6,8,43.17999999999999
8,5,6,5,8,5,5,84.02000000000001
3,8,8,3,8,4,5,10.419999999999996
5,6,5,6,8,5,5,87.24000000000001
8,8,3,4,3,4,3,10.58
5,5,6,5,5,8,5,80.56
8,5,6,4,5,8,5,65.08
4,3,4,4,5,5,4,10.740000000000006
6,5,6,8,3,8,8,10.08
6,3,6,8,6,5,5,35.919999999999995
5,3,5,8,4,5,4,10.08
6,3,6,5,6,8,5,40.38
8,6,6,6,5,8,4,70.82
6,3,4,8,4,3,8,9.899999999999999
3,8,5,6,6,6,6,66.02
3,8,5,4,4,8,6,10.440000000000005
3,3,3,6,5,6,4,9.879999999999999
8,3,8,5,6,3,5,9.879999999999999
6,4,5,6,6,6,6,79.96
3,6,8,5,5,8,3,10.619999999999996
3,4,6,5,3,8,4,9.899999999999999
6,3,3,3,8,4,4,9.960000000000003
8,3,4,3,5,3,4,10.499999999999998
6,6,6,4,6,8,4,34.98
5,4,8,8,6,6,5,82.64
4,8,4,4,3,6,5,10.040000000000004
6,3,5,8,6,8,8,48.540000000000006
5,4,5,3,4,3,4,10.060000000000002
4,8,8,8,3,6,6,9.119999999999994
3,5,5,5,5,4,3,10.38
3,4,3,8,5,4,4,9.760000000000002
8,8,6,8,8,8,5,92.24
4,3,5,3,6,5,8,10.360000000000003
8,5,6,4,8,4,8,35.019999999999996
3,5,5,4,4,5,5,9.78
8,8,3,8,8,5,5,9.960000000000003
5,5,6,5,3,4,8,9.860000000000003
5,3,5,3,4,5,5,9.740000000000004
5,6,8,3,4,4,4,9.46
5,6,3,6,3,8,4,10.099999999999998
5,3,8,8,5,3,3,9.440000000000005
6,6,4,6,4,3,3,10.060000000000002
5,5,4,5,6,5,4,44.3
3,3,5,6,5,3,4,9.960000000000003
8,5,4,4,8,8,6,58.18
4,6,5,6,5,4,5,60.78
6,8,6,8,6,6,5,91.0
6,6,5,6,8,4,6,71.54
3,8,3,4,6,3,8,9.819999999999995
6,8,5,5,8,8,8,87.38
6,3,3,5,6,5,4,9.519999999999996
6,4,6,8,8,5,4,56.24
6,4,6,5,5,8,6,75.28
8,3,6,8,5,4,4,9.919999999999995
8,5,5,6,8,4,8,71.38
5,6,3,5,6,8,6,38.63999999999999
3,8,5,4,4,6,4,10.299999999999997
5,5,3,3,8,4,3,10.280000000000001
4,3,4,8,4,5,6,9.640000000000004
5,4,8,3,6,4,3,9.28
3,4,5,3,4,3,8,9.160000000000002
4,4,5,6,3,8,3,10.099999999999998
3,3,5,5,6,8,5,20.76
5,5,8,8,4,4,3,9.699999999999998
3,4,4,5,8,3,8,9.740000000000004
8,6,6,4,5,8,8,67.96
5,6,6,8,3,3,4,9.919999999999995
5,8,8,8,5,6,3,9.440000000000005
6,5,6,6,5,8,8,85.24000000000001
3,4,6,3,6,8,6,9.719999999999995
3,8,3,6,6,5,4,10.060000000000002
6,4,4,4,4,3,6,10.18
4,5,5,8,4,3,4,10.119999999999996
4,5,4,8,6,5,5,71.50000000000001
4,6,8,4,3,5,6,9.899999999999999
5,3,5,3,5,3,6,10.08
5,3,5,5,8,3,3,9.699999999999998
3,8,4,5,6,3,5,9.560000000000002
3,8,5,6,8,4,4,10.460000000000003
6,6,3,5,8,6,6,38.580000000000005
6,6,8,5,5,5,3,9.299999999999997
5,4,6,8,5,5,4,47.86
6,6,5,5,4,5,8,65.02
5,8,8,3,4,4,5,9.98
6,4,8,6,8,6,5,82.26
3,5,3,8,4,5,4,10.519999999999996
4,6,4,5,6,6,4,42.26
5,5,8,8,4,3,5,9.560000000000002
5,3,4,5,4,6,5,10.38
6,6,3,3,3,3,5,10.260000000000002
4,4,5,3,3,6,4,10.099999999999998
8,8,4,3,5,8,5,9.540000000000004
8,6,4,6,6,6,3,9.719999999999995
3,6,8,3,5,3,5,10.419999999999996
6,6,4,5,8,8,8,74.58
6,6,3,8,6,5,8,31.34
6,5,4,5,6,4,8,51.459999999999994
6,6,6,8,3,8,8,10.040000000000004
6,6,5,5,3,5,4,10.18
3,5,4,4,8,8,3,9.940000000000005
3,4,8,5,6,6,6,56.24
8,3,3,4,5,5,6,9.899999999999999
4,5,4,4,3,4,5,9.999999999999998
4,4,6,4,4,4,5,9.599999999999998
6,6,4,8,8,3,5,10.119999999999996
5,5,3,4,5,3,3,10.499999999999998
3,5,6,4,8,3,5,9.840000000000003
6,6,4,8,4,6,3,9.760000000000002
6,8,4,5,4,5,5,47.08
3,3,8,3,6,3,8,9.340000000000003
8,6,5,3,5,4,8,10.099999999999998
4,4,3,6,5,8,6,14.400000000000002
4,5,6,6,4,3,4,9.919999999999995
3,3,6,6,3,3,8,10.060000000000002
5,4,8,8,6,3,3,10.660000000000004
5,6,4,4,5,5,3,9.999999999999998
4,6,3,8,8,4,3,10.18
6,6,3,5,3,4,6,10.519999999999996
3,3,4,3,5,6,5,10.119999999999996
8,6,6,8,5,6,3,9.999999999999998
8,5,5,3,8,4,8,10.099999999999998
5,3,5,6,4,6,5,9.119999999999994
4,4,8,5,4,3,5,10.060000000000002
3,5,6,8,6,6,3,9.999999999999998
4,6,8,8,4,3,3,9.58
8,4,5,8,8,8,6,82.98
8,8,6,6,6,8,6,90.82000000000001
3,4,3,4,3,4,4,9.299999999999997
5,3,3,6,6,5,6,9.499999999999996
5,5,3,8,5,5,3,10.499999999999998
6,8,5,6,3,8,3,9.860000000000003
3,4,5,6,3,5,3,9.899999999999999
8,5,6,5,6,6,3,9.760000000000002
5,6,8,6,4,8,5,67.16
4,8,5,6,3,3,8,10.099999999999998
8,3,4,3,6,4,6,9.740000000000004
4,4,5,5,5,5,8,68.16
4,5,6,4,5,5,6,61.620000000000005
3,3,5,3,5,3,4,9.98
3,4,4,6,3,8,5,10.140000000000004
8,4,5,4,5,6,6,55.82
6,5,6,3,6,8,4,9.719999999999995
3,3,6,5,5,4,5,9.98
6,5,8,6,5,5,8,84.68
3,5,6,8,3,3,5,9.519999999999996
3,8,8,3,8,5,5,10.08
6,5,6,3,4,8,6,9.719999999999995
8,5,6,5,6,5,4,66.5
6,4,3,6,6,6,6,32.58
4,6,8,8,4,6,8,68.39999999999999
4,4,3,6,5,6,5,9.46
8,5,5,4,5,8,8,64.08
6,4,5,5,8,4,4,10.440000000000005
3,3,5,8,8,3,8,8.879999999999999
5,4,6,6,4,3,5,10.319999999999997
4,4,8,8,4,4,3,10.140000000000004
5,4,4,5,4,3,6,9.719999999999995
8,6,3,8,5,3,6,10.540000000000004
3,8,4,3,5,3,4,9.899999999999999
3,5,3,3,6,5,3,9.840000000000003
8,5,8,6,4,3,8,9.819999999999995
6,3,4,3,6,5,4,9.760000000000002
3,8,5,6,5,8,3,9.740000000000004
3,4,4,5,5,3,6,9.940000000000005
5,3,3,6,6,8,5,9.299999999999997
4,5,4,3,6,5,3,9.98
6,6,3,3,4,8,4,10.340000000000005
3,8,3,8,3,5,4,9.879999999999999
4,4,8,6,5,6,6,76.38000000000001
5,4,6,4,3,4,8,10.260000000000002
4,8,6,6,4,4,6,28.559999999999995
3,8,3,8,8,4,6,10.260000000000002
5,8,6,4,4,3,5,9.140000000000004
3,4,4,3,3,3,3,9.760000000000002
4,6,6,4,8,8,3,10.08
5,5,8,5,6,6,5,84.52
6,4,5,5,8,5,4,48.019999999999996
8,6,6,5,8,3,6,9.819999999999995
8,3,4,4,3,4,6,9.879999999999999
6,3,4,6,4,3,6,10.019999999999996
6,4,3,4,5,8,8,9.599999999999998
6,8,5,3,8,5,5,10.599999999999998
3,4,8,6,5,8,6,57.04
8,5,5,5,4,5,3,9.98
4,6,3,4,3,3,3,10.360000000000003
5,8,5,8,3,8,8,10.18
5,5,4,6,5,5,4,45.64
3,3,3,3,4,6,3,10.319999999999997
5,3,8,3,4,5,6,9.940000000000005
4,8,3,5,8,4,3,10.319999999999997
5,8,4,8,6,3,8,10.08
3,4,3,4,4,4,4,10.499999999999998
8,6,5,6,6,8,8,90.0
8,8,5,5,8,6,3,9.999999999999998
6,5,4,3,4,6,6,10.219999999999995
8,3,8,4,3,5,4,9.699999999999998
5,4,8,8,8,3,8,10.780000000000001
5,6,3,6,4,8,4,9.740000000000004
6,5,3,3,3,8,3,10.499999999999998
3,6,3,4,8,5,6,10.140000000000004
6,3,8,4,5,3,8,9.640000000000004
4,4,3,4,4,8,8,10.019999999999996
5,4,8,6,6,5,6,80.67999999999999
5,8,5,5,6,8,8,85.46000000000001
6,4,5,5,5,6,5,71.92
8,8,6,3,5,6,3,10.540000000000004
4,8,6,4,4,4,3,10.299999999999997
5,8,8,5,5,4,6,67.7
8,5,6,3,8,8,3,9.799999999999997
8,3,6,8,3,4,4,10.319999999999997
4,3,5,4,4,5,8,9.940000000000005
5,5,6,6,6,6,8,88.53999999999999
3,5,5,6,8,3,6,10.160000000000002
6,3,6,3,6,4,8,9.719999999999995
6,3,3,5,4,3,8,9.840000000000003
5,3,3,5,6,5,6,9.319999999999995
5,3,5,3,3,4,5,10.219999999999995
3,3,6,5,8,6,3,10.299999999999997
8,3,8,8,5,8,3,10.340000000000005
3,8,3,4,4,8,8,9.28
3,4,8,4,3,8,6,9.699999999999998
8,3,4,3,4,4,8,9.640000000000004
8,6,6,4,4,3,5,10.340000000000005
8,6,8,3,6,3,8,10.119999999999996
6,3,4,3,8,4,8,9.940000000000005
3,5,3,4,6,5,3,10.199999999999998
4,8,3,6,6,8,3,10.340000000000005
5,8,6,5,3,4,6,9.760000000000002
6,3,3,5,6,6,4,10.08
6,5,8,4,6,5,4,23.599999999999998
3,6,3,8,4,5,5,9.319999999999995
8,8,5,8,4,5,8,68.28
3,5,4,4,8,6,8,27.959999999999997
6,3,6,6,4,5,4,9.219999999999995
6,4,6,4,4,3,6,10.160000000000002
5,8,3,6,6,3,3,9.799999999999997
8,8,6,5,5,8,5,81.52000000000001
5,6,8,8,6,3,4,10.160000000000002
3,6,8,5,5,4,6,32.599999999999994
6,3,8,5,6,5,6,39.62
6,8,3,3,8,3,6,9.999999999999998
6,5,4,3,5,5,8,9.140000000000004
8,3,3,4,8,4,4,10.440000000000005
6,3,8,4,4,5,6,10.199999999999998
6,3,5,4,3,5,3,9.960000000000003
3,5,6,3,8,8,4,10.319999999999997
4,6,8,5,8,4,4,13.600000000000001
8,6,4,8,6,8,3,9.48
8,8,5,4,3,6,3,10.419999999999996
5,3,3,5,3,8,5,9.740000000000004
6,3,4,8,3,8,8,10.219999999999995
5,6,4,8,8,4,6,56.38000000000001
5,4,3,3,8,5,5,10.760000000000003
3,3,4,5,3,6,4,10.640000000000004
8,4,6,3,6,3,5,9.540000000000004
5,4,6,6,6,8,6,82.16
3,6,6,8,6,3,3,9.760000000000002
6,6,6,8,8,3,4,9.719999999999995
8,4,8,3,4,4,8,10.280000000000001
5,4,5,4,8,3,4,9.999999999999998
3,8,6,6,3,8,4,10.119999999999996
3,8,6,6,5,6,6,62.64000000000001
8,4,5,5,6,8,3,9.879999999999999
8,3,6,6,4,3,8,9.699999999999998
3,6,5,5,6,5,6,60.78
3,3,6,8,6,5,8,17.659999999999997
5,5,3,3,5,8,4,9.419999999999995
8,8,3,8,5,5,4,10.119999999999996
5,5,8,6,6,4,8,71.88
3,5,8,6,3,4,6,9.28
8,6,3,4,8,5,3,10.319999999999997
3,6,6,5,6,3,5,9.46
5,4,5,3,3,8,8,9.960000000000003
3,8,3,8,3,5,5,10.040000000000004
3,5,4,8,6,4,3,10.140000000000004
8,3,8,3,8,4,5,10.760000000000003
3,6,3,8,5,8,8,9.640000000000004
8,4,8,6,8,8,4,59.46
5,6,8,8,5,4,5,67.56
6,4,3,8,5,3,3,9.98
6,3,4,3,4,3,6,9.540000000000004
3,6,6,5,3,3,4,10.419999999999996
4,5,5,5,3,5,4,9.68
3,4,4,5,6,3,3,10.060000000000002
4,5,5,5,5,8,6,77.58
8,8,6,8,5,3,6,9.799999999999997
4,3,8,6,6,6,6,43.56
6,3,5,3,4,3,8,9.619999999999996
8,5,5,6,8,4,4,40.02
4,5,6,3,6,5,4,10.219999999999995
5,4,4,6,6,4,4,10.440000000000005
3,8,8,5,4,6,4,9.919999999999995
5,6,3,5,4,5,5,9.660000000000002
6,5,6,4,4,8,3,10.840000000000005
8,6,6,3,4,3,3,9.760000000000002
8,3,6,6,4,6,5,9.640000000000004
4,8,4,6,6,4,3,9.919999999999995
4,5,8,3,8,5,3,10.019999999999996
4,5,5,6,8,6,4,69.67999999999999
8,5,4,5,3,4,6,9.960000000000003
5,4,5,4,6,6,3,10.240000000000006
5,8,4,3,5,3,4,9.799999999999997
8,6,8,6,8,5,8,91.16
4,6,5,6,3,4,4,9.98
5,6,4,8,6,8,3,10.299999999999997
4,6,8,6,5,8,8,85.02000000000001
6,5,8,5,4,3,4,9.699999999999998
5,3,5,6,6,6,6,47.260000000000005
8,3,5,4,4,4,4,9.48
4,3,6,6,3,4,4,10.399999999999999
5,8,6,4,8,6,4,26.400000000000002
6,8,5,3,5,6,3,10.340000000000005
6,6,3,3,4,4,8,10.560000000000002
8,6,4,8,6,4,6,56.46
5,6,6,4,8,5,4,14.52
8,3,4,8,3,5,4,10.740000000000006
4,3,3,6,3,5,3,9.440000000000005
3,5,4,3,8,8,4,9.560000000000002
5,8,5,6,6,8,3,9.540000000000004
4,4,6,5,6,3,3,9.619999999999996
8,3,4,5,4,4,8,9.960000000000003
5,5,3,6,6,4,6,10.219999999999995
3,5,8,8,5,5,6,58.06
6,5,5,3,5,6,6,29.220000000000002
6,6,4,5,6,8,8,74.86
6,3,5,3,8,3,8,10.060000000000002
8,8,5,5,8,4,8,68.52000000000001
8,6,8,4,6,3,4,9.48
4,5,4,3,3,6,8,9.919999999999995
6,5,6,8,4,8,6,69.06
6,4,4,4,3,3,8,9.999999999999998
8,6,8,4,4,3,3,9.499999999999996
8,5,8,8,8,4,3,9.98
5,6,5,3,3,8,3,9.78
6,5,6,6,4,3,3,9.379999999999999
6,3,5,4,4,4,4,9.760000000000002
4,3,6,3,6,3,8,10.08
3,4,3,3,8,8,8,9.999999999999998
6,6,8,3,4,6,4,8.760000000000002
8,6,5,6,4,3,4,9.78
5,4,6,6,8,4,6,58.56
8,5,6,8,4,3,6,9.960000000000003
8,5,3,3,8,6,4,9.760000000000002
3,8,4,4,3,3,4,9.899999999999999
6,4,4,8,4,3,3,9.899999999999999
8,3,4,4,5,8,6,9.960000000000003
8,3,3,6,4,4,8,10.340000000000005
3,5,5,3,8,8,5,9.640000000000004
5,6,5,5,6,3,8,10.319999999999997
3,3,5,8,4,6,5,9.999999999999998
8,5,3,8,6,4,8,10.519999999999996
8,3,8,3,5,3,8,9.98
6,4,4,4,6,6,4,10.140000000000004
8,6,3,6,6,6,6,42.7
4,5,8,4,4,4,3,10.7
8,6,8,3,5,5,8,9.799999999999997
4,6,4,6,8,4,6,50.8
5,4,4,4,5,4,4,9.240000000000004
8,5,6,4,5,8,3,9.540000000000004
5,6,5,4,5,4,8,35.199999999999996
4,8,3,8,5,3,4,10.219999999999995
5,4,5,6,4,4,3,9.819999999999995
8,5,4,6,6,8,6,77.06
3,8,5,4,8,5,3,10.460000000000003
8,4,5,5,4,6,6,57.42
5,3,3,6,8,4,5,10.440000000000005
6,3,8,3,4,4,4,10.08
6,6,4,4,6,3,3,9.899999999999999
4,5,4,8,4,6,3,10.140000000000004
5,6,5,6,6,8,3,9.919999999999995
3,6,4,6,5,3,3,10.060000000000002
3,5,4,6,5,6,5,51.2
3,4,8,4,6,3,6,9.119999999999994
3,6,3,8,6,6,8,9.260000000000002
6,3,5,8,4,8,8,11.339999999999995
5,8,3,4,5,6,6,10.360000000000003
4,4,4,6,5,6,6,64.16
5,5,6,8,3,8,8,15.82
5,6,4,3,3,4,4,9.419999999999995
3,4,5,3,4,4,5,9.819999999999995
6,3,4,4,4,6,6,10.440000000000005
3,4,8,6,8,5,4,14.92
6,4,4,4,4,4,4,10.460000000000003
3,3,3,6,3,3,8,9.419999999999995
8,6,8,6,6,5,3,10.040000000000004
6,4,3,6,3,6,5,9.719999999999995
8,6,8,6,8,3,4,10.160000000000002
5,5,6,3,8,4,8,9.819999999999995
8,3,6,4,3,5,4,10.48
4,8,4,6,6,3,4,9.919999999999995
3,5,8,8,3,4,8,9.740000000000004
8,8,8,6,3,5,5,10.460000000000003
5,6,6,3,3,4,8,10.18
5,8,3,8,6,3,5,10.460000000000003
8,3,6,6,4,8,4,10.440000000000005
3,4,6,8,6,6,6,60.56
4,4,5,4,8,8,8,54.339999999999996
6,5,4,4,6,3,4,10.199999999999998
6,5,4,5,8,5,5,71.88
6,4,3,6,5,3,6,9.319999999999995
4,6,4,3,8,8,5,9.819999999999995
6,5,5,3,6,4,4,9.440000000000005
6,8,6,5,3,6,6,10.119999999999996
5,5,3,3,6,5,5,10.280000000000001
4,6,6,8,3,6,8,9.599999999999998
3,4,3,3,4,3,6,10.140000000000004
3,8,8,3,5,5,5,9.68
5,6,3,3,8,4,3,10.38
8,4,8,5,6,4,6,53.78000000000001
8,5,8,8,5,8,4,70.96000000000001
4,8,6,6,8,5,3,10.08
8,8,3,3,3,4,6,10.760000000000003
5,5,4,8,3,4,4,10.48
4,4,3,3,5,5,6,10.199999999999998
4,6,5,6,8,6,4,70.22
5,8,8,4,6,4,8,38.92
8,3,4,8,4,6,5,9.879999999999999
3,4,8,5,3,8,3,9.860000000000003
3,4,5,3,8,5,3,9.78
6,8,3,3,5,3,6,9.140000000000004
6,8,6,6,3,6,8,9.699999999999998
3,4,6,5,6,5,8,53.059999999999995
8,5,5,3,4,5,6,9.660000000000002
4,4,5,8,6,8,3,9.640000000000004
8,6,4,8,6,8,6,78.8
5,5,6,6,3,8,5,10.780000000000001
3,6,8,5,8,4,3,9.079999999999998
4,3,8,3,6,8,4,9.46
5,5,3,3,3,4,5,10.419999999999996
4,5,3,4,4,4,6,10.060000000000002
3,4,4,3,6,5,5,9.799999999999997
6,5,6,6,5,3,6,10.18
3,4,8,3,5,3,6,10.119999999999996
6,6,3,4,4,4,6,10.219999999999995
6,5,3,8,5,5,8,33.08
4,6,4,5,6,6,8,72.6
5,4,4,8,6,5,8,68.12
5,6,8,3,4,6,4,9.68
8,4,6,8,4,4,6,15.580000000000005
8,4,6,5,5,6,8,75.25999999999999
6,5,3,8,5,4,4,9.719999999999995
3,8,6,6,5,6,5,61.94
3,8,4,6,4,4,4,10.599999999999998
6,4,6,8,4,3,5,10.119999999999996
3,6,6,6,3,5,4,10.240000000000006
6,5,5,5,3,8,8,9.879999999999999
8,8,3,8,4,8,5,9.940000000000005
3,5,3,6,3,3,5,10.38
5,3,5,8,5,3,8,9.960000000000003
4,5,4,4,3,5,3,10.08
6,4,5,5,3,8,3,10.640000000000004
5,8,4,3,5,6,3,9.78
4,3,5,4,8,6,3,9.940000000000005
8,4,5,8,5,3,6,10.119999999999996
8,8,3,5,8,3,8,9.660000000000002
3,6,8,4,8,5,4,9.699999999999998
3,8,3,3,4,5,5,8.919999999999995
4,8,4,5,4,5,8,48.46
5,5,5,4,3,8,4,9.999999999999998
4,4,5,8,6,3,5,10.280000000000001
6,3,3,4,4,6,5,10.660000000000004
6,4,8,4,6,8,5,57.220000000000006
6,8,4,3,8,6,8,9.919999999999995
3,3,5,5,3,5,6,10.519999999999996
8,6,5,8,8,5,3,9.860000000000003
6,3,8,3,5,4,6,9.840000000000003
3,5,8,5,5,6,3,10.38
6,3,6,5,3,5,3,9.46
8,3,3,6,3,3,8,9.660000000000002
6,5,6,5,8,6,3,9.899999999999999
4,6,5,5,4,5,6,60.82000000000001
5,3,6,3,4,3,6,10.280000000000001
6,5,8,5,8,8,4,72.02
4,8,4,4,6,3,8,9.699999999999998
5,8,3,8,4,8,5,10.540000000000004
3,5,5,8,8,5,6,64.44
5,5,8,8,3,6,3,9.860000000000003
8,3,5,3,3,8,6,10.199999999999998
3,6,3,3,5,3,4,9.28
3,3,5,6,5,4,5,9.940000000000005
3,6,3,3,8,5,4,10.460000000000003
4,5,5,3,4,4,4,9.860000000000003
5,5,6,4,4,8,8,43.620000000000005
3,6,8,6,6,6,8,67.30000000000001
3,8,3,3,8,6,5,9.399999999999997
3,6,8,8,4,5,4,9.740000000000004
3,4,4,4,8,5,6,23.7
6,4,5,3,6,4,5,9.619999999999996
6,8,5,3,5,5,8,9.399999999999997
4,4,5,5,3,8,5,10.260000000000002
5,6,3,4,6,3,8,10.060000000000002
6,3,6,4,6,6,8,16.24
4,4,6,3,3,3,4,9.899999999999999
5,6,8,4,4,6,6,41.959999999999994
3,3,8,3,5,5,6,10.019999999999996
6,6,5,5,4,5,4,18.600000000000005
6,3,8,4,4,3,5,9.78
6,3,4,5,5,8,3,10.119999999999996
8,5,3,3,6,3,4,10.18
8,3,6,4,6,5,4,10.160000000000002
4,4,6,6,8,3,8,10.499999999999998
8,4,4,6,3,4,6,9.760000000000002
6,4,3,6,6,4,5,9.599999999999998
5,4,3,8,8,6,4,10.18
3,4,8,3,4,8,6,9.740000000000004
6,6,3,5,6,8,6,36.199999999999996
4,3,3,4,4,3,4,9.899999999999999
3,8,6,3,5,6,5,9.260000000000002
6,3,3,6,3,6,8,10.760000000000003
4,6,6,5,8,6,6,85.28
3,3,4,3,5,4,3,10.040000000000004
4,3,6,5,3,6,5,9.899999999999999
3,8,5,4,6,6,8,41.059999999999995
5,4,6,5,5,3,5,9.879999999999999
3,3,6,6,3,4,4,9.499999999999996
4,3,4,4,3,5,3,10.540000000000004
5,5,3,4,3,4,5,9.999999999999998
6,8,5,4,6,4,3,10.419999999999996
4,3,3,5,4,8,5,10.140000000000004
8,6,4,5,5,5,3,9.699999999999998
6,6,4,6,6,5,5,75.4
4,4,4,8,6,5,3,9.619999999999996
6,5,6,3,6,4,3,10.340000000000005
6,3,8,6,5,4,4,9.599999999999998
4,8,6,8,3,6,6,10.08
6,8,8,8,6,4,6,73.83999999999999
3,8,8,5,4,3,5,9.760000000000002
3,5,6,5,5,3,6,10.360000000000003
5,3,4,3,5,6,5,9.399999999999997
4,8,8,6,5,8,4,67.10000000000001
4,6,3,4,5,4,3,9.58
3,6,3,5,5,5,6,9.360000000000001
8,3,6,8,4,6,4,9.699999999999998
6,5,8,3,4,4,8,10.160000000000002
6,8,5,8,6,3,8,10.940000000000005
5,3,4,5,4,5,4,9.519999999999996
6,8,8,4,6,5,5,65.34
6,5,5,4,3,8,3,10.040000000000004
3,3,8,4,8,8,3,9.640000000000004
8,8,8,3,3,3,8,10.060000000000002
4,4,8,4,6,4,3,9.899999999999999
4,5,8,4,3,4,4,9.840000000000003
5,6,6,8,4,5,4,23.799999999999997
8,6,6,3,5,5,3,10.040000000000004
5,8,8,6,5,8,4,72.39999999999999
6,8,6,4,3,8,8,10.399999999999999
3,3,3,8,3,4,8,10.440000000000005
8,6,4,5,4,4,5,10.899999999999999
6,6,4,6,5,3,5,10.460000000000003
6,4,5,8,6,8,6,81.78
6,3,4,5,5,3,3,10.499999999999998
3,8,6,8,8,6,4,31.759999999999998
8,8,4,3,4,6,5,9.940000000000005
8,5,5,3,5,4,6,10.240000000000006
5,4,3,8,4,4,6,9.760000000000002
5,5,6,6,4,5,6,66.53999999999999
3,5,8,6,8,4,4,9.899999999999999
4,3,3,3,4,3,6,9.260000000000002
4,5,4,6,3,6,3,9.719999999999995
3,8,8,8,4,3,8,10.199999999999998
6,8,3,4,5,5,3,9.419999999999995
8,5,4,6,5,6,4,49.0
5,4,4,6,8,8,5,69.86
4,3,6,4,8,4,5,10.48
3,5,5,6,6,6,4,31.120000000000005
4,8,8,3,3,5,4,9.299999999999997
4,4,4,8,5,4,4,10.419999999999996
6,5,3,4,8,6,4,8.96
5,3,8,6,8,3,8,9.960000000000003
4,3,6,6,8,4,4,10.240000000000006
8,8,4,4,6,4,6,16.159999999999997
4,6,3,6,5,3,4,10.440000000000005
3,3,6,6,4,5,4,10.160000000000002
6,5,5,6,3,4,8,9.299999999999997
4,8,3,3,8,3,6,9.319999999999995
3,5,8,3,8,4,3,10.599999999999998
8,3,3,6,8,5,6,9.68
8,5,4,5,8,8,5,73.06
6,8,5,6,5,5,4,68.22
4,8,4,5,3,3,4,9.699999999999998
8,6,5,4,5,3,3,10.040000000000004
8,6,3,8,4,6,6,9.919999999999995
6,8,3,5,6,8,3,9.98
6,6,8,6,4,4,3,10.060000000000002
5,8,6,4,8,5,3,9.340000000000003
5,4,3,4,4,3,6,10.740000000000006
6,3,4,6,6,3,6,9.499999999999996
6,4,8,8,4,5,4,9.499999999999996
8,8,6,8,6,5,8,90.82000000000001
8,6,6,4,3,3,4,10.240000000000006
8,3,4,4,6,8,4,10.140000000000004
8,4,5,5,5,5,5,72.39999999999999
4,5,3,3,8,8,8,9.879999999999999
6,8,3,4,6,3,5,9.819999999999995
8,4,8,4,6,8,6,59.88
8,8,8,4,4,8,8,42.96
3,6,3,4,4,6,5,9.760000000000002
8,8,5,5,3,8,4,10.240000000000006
5,5,5,5,6,4,5,65.99999999999999
3,6,6,3,5,4,5,10.68
6,4,5,6,6,6,3,9.899999999999999
5,4,6,4,3,6,3,10.040000000000004
8,3,3,4,4,6,4,9.68
3,4,5,6,3,5,8,10.68
8,5,5,4,6,5,6,66.75999999999999
4,8,8,5,8,4,8,68.72
5,3,3,3,5,3,6,9.840000000000003
6,6,5,6,3,5,8,10.540000000000004
4,5,5,6,6,6,6,85.48
3,6,6,4,4,3,6,10.540000000000004
3,3,4,6,4,8,6,9.740000000000004
5,8,3,8,5,5,5,11.619999999999997
3,5,6,3,4,3,6,9.699999999999998
8,5,4,3,5,4,6,10.140000000000004
5,3,8,3,3,6,3,10.060000000000002
5,6,5,4,4,8,8,43.46
5,6,6,3,3,6,5,9.999999999999998
3,4,6,5,4,4,3,9.999999999999998
3,8,4,6,6,4,4,10.440000000000005
6,8,8,3,5,8,4,10.319999999999997
6,5,5,4,4,3,3,10.18
8,5,8,4,3,6,8,10.599999999999998
6,3,8,5,5,4,6,9.819999999999995
8,5,5,3,8,8,3,9.860000000000003
6,8,3,5,5,4,8,10.260000000000002
6,4,6,6,3,8,3,9.060000000000002
3,5,3,8,4,8,5,9.760000000000002
3,3,8,5,3,6,4,9.540000000000004
8,3,6,5,4,8,8,10.399999999999999
5,8,4,6,4,3,4,9.68
5,6,6,5,3,3,6,10.199999999999998
3,6,3,5,8,3,3,10.219999999999995
5,4,5,6,4,3,6,10.599999999999998
8,4,3,6,5,8,6,26.380000000000003
6,4,5,4,5,4,3,10.58
5,4,6,3,3,5,3,10.240000000000006
6,3,3,6,4,4,4,9.840000000000003
8,8,8,6,5,8,3,9.899999999999999
3,3,6,3,4,3,8,9.079999999999998
5,3,5,3,5,6,6,9.719999999999995
8,4,4,3,6,5,8,10.299999999999997
8,3,5,8,3,6,5,9.919999999999995
5,6,4,5,5,3,5,9.079999999999998
8,8,3,6,8,3,3,10.540000000000004
8,6,3,4,3,4,3,10.260000000000002
6,5,6,5,3,6,5,10.060000000000002
3,8,5,5,4,3,5,10.719999999999995
8,3,8,4,6,6,4,9.860000000000003
5,6,6,3,4,8,4,9.860000000000003
4,5,5,6,6,4,5,64.84
6,3,4,5,3,3,3,9.719999999999995
8,3,4,8,8,5,4,9.599999999999998
6,5,3,6,4,4,4,10.099999999999998
3,3,6,8,4,3,4,10.440000000000005
3,4,4,5,4,4,3,9.560000000000002
3,6,3,8,6,8,3,10.38
3,3,4,3,3,4,8,10.099999999999998
4,5,4,8,4,4,4,9.840000000000003
4,3,8,8,8,8,4,10.08
6,6,4,4,8,4,4,10.360000000000003
8,4,6,6,4,6,8,59.24
4,8,3,6,6,6,4,10.140000000000004
4,6,3,5,3,6,8,9.840000000000003
8,8,5,3,6,4,6,9.899999999999999
8,6,6,8,5,4,3,10.019999999999996
4,3,6,4,6,6,5,12.239999999999995
3,4,3,5,6,3,6,9.899999999999999
4,5,4,4,5,4,8,11.339999999999995
6,4,5,8,3,8,5,9.940000000000005
6,5,4,3,5,3,3,9.760000000000002
4,5,4,6,4,4,3,9.540000000000004
8,3,5,5,6,4,6,10.299999999999997
3,5,4,8,8,6,8,56.940000000000005
4,4,5,6,6,8,4,50.5
6,3,5,8,6,3,3,9.540000000000004
4,5,8,8,6,4,8,68.96
8,8,4,8,5,5,4,47.81999999999999
3,4,4,3,6,8,8,9.740000000000004
8,6,5,8,4,5,4,22.4
5,8,4,3,8,4,5,10.719999999999995
5,3,6,4,5,8,6,17.879999999999995
6,8,3,3,8,4,8,9.899999999999999
3,5,5,5,3,5,4,9.240000000000004
4,3,6,3,8,4,4,9.68
3,5,3,6,3,8,3,10.399999999999999
5,4,8,5,3,5,4,9.46
8,6,5,3,3,3,8,9.68
8,3,3,8,3,3,8,10.060000000000002
4,4,3,6,6,8,5,9.379999999999999
3,4,4,6,8,4,5,9.740000000000004
5,4,5,8,5,8,6,77.72
4,5,8,3,4,5,5,10.08
4,4,6,8,3,3,8,9.819999999999995
5,8,5,6,6,8,8,89.24
3,6,4,5,4,4,6,10.360000000000003
8,4,8,4,4,3,3,9.840000000000003
6,6,5,6,5,8,6,85.18
5,3,3,6,8,4,4,9.819999999999995
3,6,4,8,8,3,3,9.819999999999995
8,8,4,5,5,4,6,47.199999999999996
5,8,3,6,8,6,5,32.04
6,8,4,8,4,5,8,55.64
6,6,8,4,4,4,4,9.519999999999996
6,4,4,8,6,3,8,9.319999999999995
4,5,5,8,6,8,6,87.58
3,3,4,4,3,8,8,9.399999999999997
6,4,5,8,3,6,3,10.18
6,4,4,3,5,8,6,10.360000000000003
5,8,8,3,8,8,8,31.14
3,3,5,3,8,6,3,10.519999999999996
6,4,4,8,8,4,6,34.96
4,4,3,4,8,6,3,10.140000000000004
5,8,4,5,3,3,8,9.519999999999996
8,5,5,5,6,6,3,10.099999999999998
4,3,4,4,5,3,5,9.719999999999995
3,8,3,5,5,4,8,9.78
8,8,5,6,3,3,6,9.98
3,3,8,5,5,6,6,18.600000000000005
8,3,6,8,8,4,8,10.340000000000005
6,8,8,5,6,8,4,71.6
8,6,4,5,3,4,5,10.719999999999995
8,6,8,4,4,4,8,10.660000000000004
4,8,5,8,5,6,6,83.14
5,8,3,4,8,5,5,9.58
3,4,3,3,6,6,8,9.619999999999996
5,8,5,3,3,3,6,10.340000000000005
4,4,4,8,3,6,4,10.219999999999995
5,4,3,8,4,4,8,9.719999999999995
3,8,6,6,5,3,6,9.560000000000002
3,8,3,4,6,5,5,10.260000000000002
8,8,4,8,6,8,3,10.040000000000004
6,3,5,4,3,8,5,10.98
4,5,8,8,4,8,8,67.02
3,5,3,4,3,6,5,10.340000000000005
5,6,5,5,4,5,3,10.240000000000006
4,8,6,8,5,3,6,8.819999999999995
8,5,4,8,3,5,3,10.060000000000002
5,5,5,5,4,4,6,31.520000000000003
4,8,5,5,4,5,8,61.620000000000005
6,3,5,8,8,5,8,44.14
3,4,5,8,3,3,8,9.940000000000005
4,6,5,3,8,5,6,9.840000000000003
5,3,8,6,3,3,8,10.019999999999996
3,6,8,8,4,8,5,30.259999999999998
4,5,8,5,6,3,8,10.140000000000004
4,4,3,5,6,8,4,10.499999999999998
6,5,4,5,4,6,6,55.04
3,6,6,4,3,5,3,10.260000000000002
6,3,5,5,4,4,6,9.98
3,8,4,6,8,6,6,56.919999999999995
8,3,4,8,4,6,4,9.719999999999995
5,8,8,4,6,5,8,68.06
8,4,5,4,5,3,4,9.619999999999996
3,3,8,8,6,5,6,15.72
6,8,6,3,3,5,6,10.260000000000002
3,4,3,5,4,6,6,9.660000000000002
3,6,8,6,3,4,5,10.540000000000004
4,6,5,4,4,6,5,35.6
6,8,3,5,6,6,4,10.199999999999998
6,5,4,8,6,5,3,10.780000000000001
4,8,6,3,8,3,4,9.699999999999998
8,5,8,6,4,6,4,36.160000000000004
3,8,6,5,3,4,3,10.160000000000002
8,5,6,4,6,4,6,38.72
6,4,4,8,3,4,4,9.540000000000004
5,6,6,8,4,5,5,66.46000000000001
6,8,4,6,6,8,5,77.0
4,4,8,3,8,6,6,10.18
4,4,5,8,4,3,4,9.48
3,3,5,3,4,5,4,10.060000000000002
4,8,8,4,8,8,8,67.02
3,4,8,5,4,6,8,31.499999999999993
6,3,5,3,5,4,3,9.940000000000005
5,4,4,3,5,8,6,9.899999999999999
3,4,4,4,4,4,3,10.040000000000004
5,5,4,4,3,6,5,10.199999999999998
4,3,4,4,8,5,4,10.940000000000005
3,8,4,5,8,8,3,10.319999999999997
6,8,4,5,5,5,3,9.999999999999998
6,4,4,6,5,5,4,33.28
3,6,3,4,8,4,8,9.999999999999998
8,5,3,6,8,6,8,44.599999999999994
3,4,3,4,6,8,8,9.999999999999998
8,3,3,4,8,3,6,9.999999999999998
3,8,3,6,8,5,6,8.979999999999999
6,4,6,4,6,5,6,56.86
8,3,4,4,5,8,8,12.560000000000004
6,8,5,5,8,5,6,85.44
4,4,8,3,4,8,8,9.940000000000005
4,3,4,8,4,6,4,9.699999999999998
6,6,3,6,6,8,6,42.620000000000005
6,6,6,8,6,8,4,76.52
5,5,3,6,4,5,5,10.519999999999996
6,3,8,5,5,3,6,9.619999999999996
4,8,3,8,4,5,5,10.119999999999996
4,6,6,4,5,4,4,9.58
3,6,6,6,6,8,4,33.4
4,6,3,8,4,4,4,10.18
4,8,5,8,4,5,8,63.94
3,4,4,5,5,8,8,43.34
3,5,6,5,6,5,5,59.31999999999999
6,8,3,5,6,4,4,10.060000000000002
8,6,3,6,4,4,5,9.819999999999995
4,8,3,3,8,5,3,9.840000000000003
5,4,5,5,4,3,6,9.919999999999995
3,3,3,6,5,8,8,9.319999999999995
4,5,6,4,6,4,8,27.52
3,3,3,5,8,5,8,9.360000000000001
6,8,8,6,6,5,8,90.66
6,6,5,4,5,3,8,9.899999999999999
5,4,6,4,6,6,6,57.60000000000001
5,5,4,5,8,4,6,50.3
5,5,8,8,6,6,8,90.48
6,5,8,4,4,6,6,43.32
6,4,5,5,6,6,6,77.58
8,3,4,8,5,3,5,10.299999999999997
8,4,4,4,3,3,5,9.079999999999998
3,5,6,5,5,8,8,62.480000000000004
6,5,6,4,3,5,3,10.619999999999996
3,8,8,6,4,4,6,10.140000000000004
5,4,4,4,6,4,5,10.240000000000006
4,6,5,4,6,5,4,16.979999999999997
5,8,6,6,3,5,4,10.099999999999998
6,6,3,3,3,6,8,9.719999999999995
8,6,8,5,6,3,8,10.519999999999996
5,5,8,3,4,3,6,9.499999999999996
3,5,6,3,4,8,4,9.98
6,6,8,6,4,5,6,68.9
4,3,6,6,4,8,3,10.219999999999995
4,6,6,4,8,4,5,15.400000000000002
5,3,4,4,6,5,6,9.58
8,5,8,6,5,3,8,9.940000000000005
3,3,5,3,5,5,6,9.840000000000003
4,4,6,6,8,4,5,48.28
5,4,5,3,5,6,3,9.440000000000005
6,8,4,4,8,4,5,10.760000000000003
6,4,5,5,3,6,5,9.119999999999994
6,6,4,8,5,6,8,75.7
5,4,4,8,4,4,4,10.499999999999998
3,8,3,4,5,3,4,9.999999999999998
6,3,3,4,4,6,8,9.719999999999995
3,5,5,6,8,8,5,64.64
4,3,3,6,8,6,4,9.860000000000003
3,6,6,3,5,3,6,9.440000000000005
3,5,4,8,6,5,8,53.26
4,8,5,3,5,5,4,10.340000000000005
8,3,5,5,6,8,6,46.06
3,4,6,4,6,4,5,9.760000000000002
6,6,5,8,5,3,3,9.940000000000005
8,4,6,6,3,5,6,9.619999999999996
8,3,5,8,8,6,5,43.400000000000006
5,8,3,5,5,5,8,26.839999999999996
5,5,6,5,3,5,3,10.060000000000002
4,8,8,3,4,3,5,9.860000000000003
3,8,6,4,5,6,4,10.340000000000005
5,4,3,8,8,6,8,34.519999999999996
8,4,8,6,6,4,5,55.24
4,5,6,8,8,3,6,9.860000000000003
4,8,4,3,8,3,5,10.419999999999996
8,4,4,8,5,3,5,10.18
5,6,6,8,4,3,5,9.98
8,6,6,8,3,8,6,9.599999999999998
8,3,3,4,6,6,5,10.240000000000006
3,4,8,3,8,6,5,10.419999999999996
8,8,6,8,6,6,3,9.699999999999998
5,4,8,8,5,6,3,10.119999999999996
5,8,3,4,5,4,4,10.260000000000002
6,6,8,4,6,8,8,69.34
4,8,8,8,8,3,3,10.640000000000004
3,4,6,8,5,3,8,10.419999999999996
4,5,5,8,8,5,3,9.860000000000003
3,5,5,6,5,6,8,63.75999999999999
4,5,6,6,3,6,5,9.599999999999998
3,5,6,5,3,3,5,9.940000000000005
6,3,8,6,8,8,6,47.56
4,4,8,3,6,5,5,10.299999999999997
3,8,5,5,8,8,5,64.72
8,3,6,8,4,8,5,10.48
3,6,6,8,8,6,4,29.100000000000005
6,6,8,8,8,5,4,73.74000000000001
4,8,6,4,5,5,8,62.9
4,6,3,4,4,8,8,9.940000000000005
5,5,6,8,5,5,5,83.0
8,4,3,5,3,8,3,9.840000000000003
4,8,5,8,4,4,6,29.220000000000002
6,4,8,5,5,4,8,49.8
5,4,5,3,3,3,4,10.560000000000002
3,4,3,4,3,6,3,10.299999999999997
8,4,8,3,5,5,3,9.060000000000002
6,6,3,6,3,5,4,9.960000000000003
4,8,5,5,3,4,6,10.240000000000006
8,4,8,5,5,3,4,9.519999999999996
4,4,4,5,6,4,3,10.299999999999997
3,3,4,5,4,8,6,9.379999999999999
4,4,6,5,3,6,3,9.68
3,5,3,5,3,8,8,9.299999999999997
3,3,3,8,6,8,6,9.58
8,8,5,4,6,8,6,67.0
5,3,6,4,4,3,4,10.799999999999999
4,6,4,3,6,8,6,10.540000000000004
8,8,6,8,4,4,3,10.040000000000004
8,4,4,8,6,3,6,10.540000000000004
6,8,8,5,8,6,4,72.92
4,5,8,6,4,8,5,64.17999999999999
8,5,5,5,6,5,4,67.22
4,4,5,5,5,5,6,68.48
5,4,5,8,5,6,8,77.64
8,8,3,8,6,4,8,9.819999999999995
6,8,5,6,4,4,6,37.92
8,5,4,8,3,8,3,10.319999999999997
3,8,5,8,4,3,3,9.440000000000005
4,6,4,3,8,3,5,9.899999999999999
6,3,8,8,8,8,3,9.999999999999998
4,3,4,6,6,3,3,9.660000000000002
8,8,6,5,3,6,6,9.799999999999997
8,3,8,4,6,8,6,15.780000000000005
3,5,6,3,5,3,8,10.019999999999996
8,4,6,8,5,6,6,78.88
6,3,6,8,6,6,4,10.199999999999998
5,3,8,6,8,8,3,9.540000000000004
8,3,8,6,8,5,3,9.819999999999995
4,4,6,4,8,5,4,10.719999999999995
4,5,5,5,3,4,4,9.98
5,6,6,4,3,6,3,9.919999999999995
8,4,3,3,5,5,6,10.219999999999995
3,3,5,8,3,8,5,10.260000000000002
3,5,4,5,6,8,5,51.22
4,3,6,4,4,6,4,9.98
4,3,6,4,4,4,3,10.340000000000005
8,3,8,5,6,5,6,39.6
5,4,4,4,5,5,5,36.94
5,4,8,3,6,4,5,9.660000000000002
5,8,6,5,6,8,8,86.74
6,5,4,8,6,4,3,9.099999999999998
5,4,5,3,6,6,6,9.899999999999999
6,8,6,4,8,3,3,10.499999999999998
5,6,6,5,6,6,6,86.22
6,8,3,3,3,6,6,9.999999999999998
4,4,5,5,8,8,8,75.72
6,8,8,5,5,8,4,67.54
8,5,5,5,3,4,3,9.860000000000003
4,3,8,5,8,8,5,34.34
6,5,5,6,3,6,3,9.48
4,4,5,6,3,5,4,10.719999999999995
4,3,3,6,5,6,8,9.440000000000005
5,6,6,4,3,3,5,9.78
8,5,3,6,6,3,4,10.040000000000004
5,6,6,3,8,3,5,10.619999999999996
6,8,6,6,3,4,3,9.28
3,8,4,3,5,3,6,10.099999999999998
6,6,3,3,6,5,8,10.240000000000006
5,8,6,4,3,3,3,10.060000000000002
8,5,6,5,5,8,6,82.58
8,5,5,8,8,8,8,90.86
6,8,5,5,8,6,8,86.53999999999999
3,5,4,8,8,5,3,10.099999999999998
5,5,4,6,3,6,4,10.219999999999995
4,5,5,5,3,3,5,9.660000000000002
5,8,4,5,5,6,5,71.12
8,4,6,4,5,4,6,10.18
3,8,6,4,3,8,5,9.78
6,4,6,6,4,8,3,10.460000000000003
8,5,8,8,8,5,3,9.760000000000002
8,3,6,3,5,6,6,10.280000000000001
6,6,5,4,8,8,3,10.08
8,3,4,6,4,6,5,9.899999999999999
8,3,5,8,6,4,8,11.619999999999997
4,4,6,5,3,4,3,10.219999999999995
6,4,8,4,6,5,5,49.760000000000005
8,4,5,3,3,6,4,9.540000000000004
8,6,8,5,4,8,5,65.24
6,4,6,3,5,4,3,10.48
8,4,8,4,3,6,5,9.540000000000004
6,5,6,6,5,6,4,70.66
3,5,8,8,4,3,4,10.060000000000002
3,6,4,6,6,4,4,10.040000000000004
4,5,4,8,3,6,6,9.319999999999995
8,6,5,4,8,5,4,17.220000000000002
8,5,3,8,6,3,5,9.999999999999998
8,8,4,8,8,5,8,79.0
3,4,5,5,4,3,6,9.660000000000002
5,5,8,3,8,8,5,10.58
6,3,6,4,3,6,4,10.280000000000001
8,6,6,3,5,6,5,9.98
6,6,5,3,3,4,4,10.48
4,8,4,4,5,5,5,43.02
5,6,6,6,8,4,6,72.92
3,6,8,6,5,3,4,9.299999999999997
8,5,4,4,3,4,8,10.060000000000002
3,8,4,6,3,8,3,10.460000000000003
6,6,5,6,6,6,6,88.94
4,3,4,3,5,5,6,9.78
8,5,3,4,4,4,4,9.560000000000002
3,6,3,5,5,8,3,9.499999999999996
3,4,6,5,6,4,4,9.819999999999995
5,6,3,4,8,6,6,9.48
3,8,3,5,4,8,6,9.58
8,8,3,6,6,8,4,9.440000000000005
6,8,8,3,4,4,6,9.599999999999998
6,3,4,5,6,6,5,25.619999999999997
4,8,5,5,5,5,6,77.82
3,3,4,5,5,4,3,9.879999999999999
6,8,4,8,4,4,3,10.340000000000005
3,4,5,6,8,4,8,23.0
5,3,4,5,6,4,3,10.499999999999998
4,3,5,4,6,5,8,14.439999999999998
8,6,8,6,5,5,5,84.52
6,5,5,8,6,6,5,87.32
3,8,6,8,3,3,5,9.340000000000003
8,4,3,4,3,8,3,9.840000000000003
8,6,8,5,3,6,5,10.08
4,8,4,5,5,4,5,37.12
5,6,8,4,6,8,5,67.64
3,4,4,5,6,5,4,10.119999999999996
8,3,4,8,8,6,5,27.480000000000004
8,4,3,3,6,3,8,9.440000000000005
5,4,5,6,3,3,6,9.740000000000004
6,5,6,3,5,4,5,9.799999999999997
5,4,3,4,6,4,3,9.960000000000003
8,3,6,8,8,3,3,9.260000000000002
6,5,3,3,3,3,8,9.719999999999995
8,5,3,5,8,3,8,9.540000000000004
3,8,6,8,8,5,6,67.10000000000001
6,8,4,4,4,8,4,10.140000000000004
8,5,3,8,5,6,8,39.54
5,8,6,6,6,6,5,88.84
3,5,5,8,8,4,4,9.98
4,3,5,3,5,4,6,10.799999999999999
5,8,3,8,5,6,4,10.38
4,6,8,5,5,6,3,9.660000000000002
6,3,4,3,4,5,4,9.340000000000003
8,5,6,6,3,4,8,9.499999999999996
5,8,3,8,6,4,5,10.099999999999998
8,6,4,5,8,3,3,10.860000000000003
4,4,4,5,4,5,3,10.160000000000002
4,8,4,4,5,8,5,48.9
3,3,3,4,6,5,3,9.879999999999999
3,6,3,8,5,5,5,10.18
8,5,5,5,4,6,6,66.9
4,5,3,3,3,8,4,9.099999999999998
8,3,8,5,4,3,4,9.740000000000004
5,8,5,6,5,3,6,10.140000000000004
4,8,5,8,8,3,4,10.099999999999998
8,8,6,4,8,3,4,9.499999999999996
3,4,6,5,3,5,6,10.060000000000002
5,8,6,6,3,4,3,9.760000000000002
5,6,4,6,8,3,4,10.280000000000001
3,8,3,3,3,4,3,9.78
4,5,3,3,8,6,3,10.7
8,4,6,4,8,5,8,57.60000000000001
3,6,4,5,5,6,3,9.78
6,4,4,4,6,6,3,9.640000000000004
5,5,4,6,8,3,6,10.08
8,4,8,3,4,8,8,9.960000000000003
8,5,8,5,6,4,6,69.98
6,3,3,6,4,5,6,10.040000000000004
3,5,6,5,6,4,5,27.3
8,3,8,6,3,8,3,10.319999999999997
3,8,3,6,8,6,6,9.740000000000004
3,8,3,3,4,8,6,9.899999999999999
6,3,4,5,4,8,3,10.119999999999996
5,4,3,8,3,8,6,9.98
5,4,8,6,3,5,8,9.860000000000003
4,4,8,8,8,6,4,52.04
4,3,6,6,3,5,4,9.68
3,8,8,4,6,8,5,32.720000000000006
6,3,8,5,6,3,5,9.660000000000002
8,6,6,6,5,4,6,70.52000000000001
6,3,5,5,3,6,4,10.440000000000005
8,5,5,6,5,4,3,9.940000000000005
4,5,3,6,8,5,8,28.000000000000004
5,6,6,3,5,3,8,10.040000000000004
6,8,8,4,8,3,8,9.940000000000005
8,8,6,4,6,6,6,69.56
8,6,3,8,6,4,4,9.660000000000002
5,6,4,5,8,8,8,74.98
3,8,5,8,4,5,5,30.820000000000004
4,8,6,6,3,5,6,9.68
8,5,6,4,4,5,8,37.739999999999995
4,4,8,3,3,6,8,10.7
8,3,4,8,8,8,8,40.14
8,4,6,6,5,5,4,48.24
6,6,5,4,3,8,4,10.38
6,5,8,4,5,6,6,67.42
6,6,8,5,6,6,5,84.94
5,4,3,4,8,6,3,9.879999999999999
3,5,4,5,4,8,4,10.060000000000002
5,4,6,6,8,6,8,82.80000000000001
4,5,5,3,8,3,3,9.360000000000001
5,3,5,8,6,4,3,9.919999999999995
6,4,6,4,6,6,6,58.519999999999996
6,4,3,3,8,6,6,9.399999999999997
4,5,6,6,6,5,8,86.1
3,6,6,4,8,6,4,9.619999999999996
5,5,3,8,5,3,6,9.499999999999996
5,5,3,4,3,4,8,10.799999999999999
4,3,5,4,6,4,3,10.18
6,3,6,5,3,3,5,9.079999999999998
6,3,8,6,6,6,5,39.900000000000006
3,3,8,5,3,3,8,9.940000000000005
4,5,3,4,8,3,6,10.619999999999996
4,5,6,8,6,5,5,85.8
4,3,4,5,8,5,8,25.880000000000003
6,6,5,8,4,4,4,9.960000000000003
8,4,4,8,4,8,4,9.379999999999999
8,8,5,4,4,4,4,10.240000000000006
3,6,6,5,6,5,6,61.86000000000001
5,8,3,3,4,6,5,9.360000000000001
4,4,6,5,6,8,8,75.6
4,6,4,4,6,4,8,13.019999999999998
4,6,3,3,5,6,3,10.340000000000005
6,5,6,8,8,5,8,90.64
3,6,5,3,8,8,6,9.560000000000002
8,4,5,4,6,4,5,9.999999999999998
5,5,4,4,3,6,3,10.440000000000005
4,4,6,6,5,6,4,46.46
4,3,4,3,5,3,6,9.940000000000005
6,6,5,6,6,4,5,69.44
4,3,3,6,6,8,3,9.999999999999998
3,4,6,3,5,6,6,9.740000000000004
8,6,6,3,6,5,6,13.62
4,8,6,4,4,6,8,37.0
5,8,5,5,8,5,6,83.86
5,3,5,8,5,8,3,9.760000000000002
6,3,4,8,3,4,5,10.560000000000002
5,5,4,8,4,5,4,10.599999999999998
4,8,6,8,5,4,8,68.02
6,8,3,3,5,3,3,10.299999999999997
6,4,5,5,4,6,3,10.08
5,6,3,5,6,5,8,28.059999999999995
5,8,4,4,6,3,8,9.599999999999998
6,8,8,5,6,6,4,71.28
8,4,8,4,6,8,5,56.08
3,8,5,4,4,6,6,10.219999999999995
3,6,3,6,5,4,6,9.799999999999997
5,5,3,3,8,6,4,9.68
3,8,4,3,6,8,5,9.640000000000004
3,5,5,5,4,6,3,10.160000000000002
8,5,5,3,6,5,6,14.180000000000003
5,6,4,3,3,4,5,9.78
6,6,4,4,4,8,6,28.879999999999995
4,3,6,6,4,5,5,9.360000000000001
3,5,6,3,5,8,3,10.540000000000004
4,5,8,4,3,4,3,10.099999999999998
5,4,6,4,3,6,4,9.68
6,8,5,5,3,4,3,10.040000000000004
5,3,4,8,8,6,4,10.319999999999997
6,4,3,6,4,8,4,9.879999999999999
5,8,4,5,3,8,5,10.08
8,6,5,6,4,8,4,29.94
3,3,8,3,3,5,6,9.319999999999995
6,5,3,8,5,6,8,39.839999999999996
6,3,3,5,6,4,6,9.999999999999998
3,6,8,4,3,5,5,9.840000000000003
4,6,4,8,8,6,4,48.260000000000005
4,4,3,8,3,6,8,9.640000000000004
6,4,4,3,5,5,8,10.040000000000004
8,8,5,4,4,3,5,9.799999999999997
3,8,6,4,5,5,8,31.14
5,6,4,8,4,3,5,10.18
6,6,4,5,3,4,3,10.299999999999997
8,3,4,8,8,4,4,9.319999999999995
5,4,6,4,5,5,4,10.240000000000006
6,8,6,3,3,6,3,9.999999999999998
3,4,8,8,8,3,4,10.160000000000002
3,6,3,6,6,5,5,9.879999999999999
3,4,5,8,6,5,8,54.559999999999995
8,6,4,4,6,3,5,10.599999999999998
4,4,8,6,5,4,8,49.08
5,5,8,8,6,3,5,9.140000000000004
6,3,8,4,4,6,6,10.360000000000003
6,5,4,5,8,4,4,10.340000000000005
5,8,4,8,3,8,8,9.860000000000003
8,6,8,5,8,8,5,86.86
5,3,6,6,3,3,3,9.860000000000003
6,3,6,8,6,4,6,10.88
8,5,8,4,5,6,3,10.58
4,3,4,5,3,6,5,9.699999999999998
8,8,5,8,8,3,8,10.060000000000002
8,4,6,8,6,5,8,81.46
4,3,3,8,6,5,8,9.340000000000003
8,8,8,3,6,8,3,9.499999999999996
3,5,8,8,8,4,8,32.84
6,5,5,3,5,8,3,10.360000000000003
5,4,6,8,8,6,5,82.74000000000001
3,8,6,3,5,4,5,10.780000000000001
8,5,8,6,5,3,3,9.819999999999995
8,6,4,4,5,5,8,56.14
6,5,5,4,4,8,8,42.72
6,4,4,3,8,8,6,10.740000000000006
8,6,5,5,6,5,3,10.68
3,4,3,6,6,6,5,9.419999999999995
6,8,4,6,8,6,4,54.84
4,3,3,5,8,6,6,9.58
3,6,6,8,8,6,5,68.17999999999999
5,5,3,4,6,6,4,9.219999999999995
3,6,3,5,3,3,3,10.199999999999998
8,3,6,4,3,3,5,9.599999999999998
4,8,3,8,8,5,8,23.340000000000003
4,5,5,5,4,6,5,61.53999999999999
4,4,3,3,3,3,4,10.019999999999996
8,3,5,6,3,6,5,9.68
3,4,6,3,8,5,3,9.719999999999995
5,5,5,8,8,4,4,35.62
6,8,5,5,6,6,8,85.56
8,6,5,6,3,4,3,10.219999999999995
3,6,6,5,3,6,6,10.019999999999996
3,8,6,8,4,4,3,9.999999999999998
3,4,6,8,5,4,3,10.260000000000002
5,8,6,3,6,3,4,10.599999999999998
3,3,4,8,3,8,3,9.640000000000004
8,3,6,6,3,3,3,10.38
8,8,5,6,8,8,3,9.740000000000004
5,5,5,5,6,8,4,68.96
4,3,5,3,4,3,5,10.280000000000001
6,8,4,4,5,6,4,11.960000000000004
3,6,4,4,5,3,3,9.719999999999995
3,4,5,8,3,6,5,9.519999999999996
3,8,4,4,5,6,4,10.440000000000005
3,8,4,8,4,6,5,22.819999999999997
5,3,6,4,3,8,5,10.299999999999997
3,4,8,8,3,3,4,9.379999999999999
5,3,3,8,4,8,6,10.119999999999996
6,3,5,8,8,4,3,9.940000000000005
4,3,4,3,5,5,3,9.46
5,4,6,6,8,6,3,9.199999999999998
6,6,6,5,3,4,3,10.299999999999997
8,6,6,4,3,6,8,10.319999999999997
5,8,4,3,6,6,8,9.999999999999998
8,3,6,5,5,4,4,10.640000000000004
6,3,3,4,3,4,3,9.619999999999996
5,3,8,8,6,5,4,9.660000000000002
5,5,3,3,4,5,8,9.399999999999997
5,3,4,3,6,4,6,9.419999999999995
6,4,6,6,8,6,3,9.98
5,8,5,4,5,4,4,9.960000000000003
4,3,5,4,4,6,5,10.360000000000003
6,5,3,3,3,6,8,9.040000000000003
4,4,4,8,3,5,5,9.819999999999995
3,4,3,6,8,8,6,10.060000000000002
4,8,5,6,4,5,3,9.660000000000002
3,4,5,8,8,6,6,58.379999999999995
6,6,4,6,8,8,6,78.3
3,5,8,6,3,3,5,10.38
4,4,5,6,8,5,4,48.160000000000004
6,4,6,3,3,4,4,9.78
5,6,5,3,6,6,4,10.08
3,8,4,3,3,3,6,9.899999999999999
8,8,6,6,6,4,3,9.98
4,4,4,5,5,3,6,9.58
4,8,5,8,3,3,5,10.540000000000004
4,8,8,4,5,6,5,63.92
6,6,6,4,5,8,3,10.460000000000003
4,8,5,8,3,3,6,10.819999999999997
8,3,3,8,4,6,4,9.799999999999997
6,3,3,8,4,3,5,9.619999999999996
8,6,8,4,5,5,6,66.12
8,6,5,5,3,3,4,9.719999999999995
5,3,6,8,8,6,5,40.400000000000006
5,3,5,8,6,4,6,9.840000000000003
8,6,4,6,4,8,6,57.36
8,6,3,5,5,8,4,10.099999999999998
3,4,3,5,8,5,6,9.379999999999999
4,8,6,4,6,6,3,10.88
8,6,4,4,5,3,3,9.660000000000002
8,8,8,8,6,6,3,9.519999999999996
5,5,5,8,5,4,5,65.14
8,5,4,3,6,3,6,10.08
4,4,4,4,3,3,5,9.660000000000002
3,6,5,3,8,8,5,10.499999999999998
6,3,3,8,3,6,5,10.240000000000006
3,8,4,3,6,6,6,9.660000000000002
4,3,6,5,5,8,6,35.660000000000004
8,3,8,5,5,4,8,10.360000000000003
5,8,4,3,5,8,4,10.560000000000002
6,5,6,6,5,5,8,84.38
3,3,5,8,8,5,8,18.679999999999996
8,4,3,4,4,6,5,9.78
5,6,8,6,8,5,5,89.5
8,4,8,8,6,4,4,9.399999999999997
5,3,4,8,4,5,5,9.68
6,8,4,4,5,4,4,10.040000000000004
8,4,4,6,3,8,3,9.919999999999995
4,8,8,6,8,8,3,10.199999999999998
8,3,3,5,8,4,5,9.760000000000002
4,5,4,6,5,5,8,68.94
8,3,3,3,3,4,8,9.599999999999998
4,3,3,3,5,5,5,9.699999999999998
6,8,5,5,4,4,5,26.160000000000004
4,6,3,4,3,8,6,9.78
4,8,3,6,8,5,3,9.98
6,6,5,5,4,3,6,10.240000000000006
6,8,4,5,5,6,6,73.28
8,4,5,5,6,6,6,78.42
3,3,6,4,3,4,6,9.999999999999998
5,3,8,5,8,5,8,39.38
5,4,3,3,6,3,8,9.840000000000003
3,6,6,6,8,3,6,9.799999999999997
8,8,5,4,5,3,5,9.740000000000004
4,6,3,3,8,8,3,9.819999999999995
5,8,8,4,5,6,4,30.12
8,3,5,4,5,4,6,10.119999999999996
4,3,3,4,4,8,5,10.019999999999996
6,6,3,3,6,3,6,9.940000000000005
8,3,6,6,4,5,8,9.919999999999995
5,3,4,3,8,5,8,9.999999999999998
8,4,8,5,4,6,6,57.04
8,8,8,6,8,3,3,9.499999999999996
3,4,8,5,8,6,8,57.08
3,4,6,4,4,6,3,9.860000000000003
4,6,4,8,4,3,8,9.960000000000003
6,8,5,5,8,6,5,85.72
5,3,8,4,4,8,4,9.619999999999996
4,8,5,8,6,3,3,9.960000000000003
5,6,3,5,8,4,8,9.879999999999999
4,8,6,6,3,6,8,9.78
8,5,6,3,5,8,8,28.359999999999996
4,4,6,6,3,5,6,10.460000000000003
6,6,5,4,5,3,3,9.740000000000004
3,3,5,6,4,3,8,10.019999999999996
8,4,8,8,8,4,4,10.199999999999998
4,4,4,5,5,4,5,33.940000000000005
4,6,8,8,6,8,4,72.44
4,5,3,4,8,5,5,10.360000000000003
5,5,8,3,3,4,5,10.319999999999997
4,6,3,5,8,5,4,10.219999999999995
4,3,5,5,5,6,8,36.9
4,3,4,5,8,6,6,32.48
3,4,8,6,3,6,6,9.819999999999995
3,3,4,4,3,5,5,9.919999999999995
5,6,6,8,8,5,8,91.03999999999999
3,4,3,5,6,3,4,9.819999999999995
4,5,6,4,5,4,4,9.879999999999999
5,3,4,3,8,6,3,10.019999999999996
6,3,4,6,6,5,3,10.340000000000005
6,4,6,8,4,4,4,9.919999999999995
5,8,3,5,8,3,5,10.119999999999996
6,4,6,5,4,3,5,9.58
5,4,8,8,6,5,3,10.599999999999998
4,5,8,4,5,8,5,60.36
5,8,3,3,6,3,3,9.78
5,5,3,5,8,6,5,16.84
6,5,6,6,8,5,5,87.66000000000001
6,8,6,4,8,8,8,70.6
5,8,4,6,6,8,3,10.160000000000002
5,6,5,8,5,8,5,84.16
8,5,8,8,8,8,5,92.74
3,5,5,3,6,5,3,9.240000000000004
8,5,4,4,4,8,5,18.44
6,5,3,4,5,5,5,9.440000000000005
6,4,5,5,3,3,4,9.68
4,5,5,8,6,8,3,9.940000000000005
4,5,3,3,3,8,8,10.060000000000002
3,3,6,6,5,3,6,9.48
3,8,3,8,3,8,4,9.119999999999994
6,4,4,4,8,4,5,10.299999999999997
4,6,5,8,8,4,5,66.9
4,6,6,5,6,3,6,10.18
4,4,4,4,6,4,8,10.38
4,8,3,8,8,6,4,10.319999999999997
5,4,4,3,8,5,8,10.399999999999999
6,5,5,3,5,8,5,10.060000000000002
4,3,6,5,6,8,4,10.399999999999999
5,5,8,3,5,3,5,10.360000000000003
4,6,3,5,4,6,6,9.699999999999998
8,5,4,3,5,6,4,10.199999999999998
5,4,6,6,3,4,6,9.419999999999995
8,5,8,4,6,4,4,9.499999999999996
6,3,3,8,8,5,8,8.819999999999995
5,3,6,6,8,8,5,39.76
8,6,8,3,5,8,8,21.060000000000002
8,5,4,5,5,3,8,10.160000000000002
8,5,4,5,5,4,8,48.6
5,3,3,3,3,8,5,9.46
3,6,3,3,4,6,4,10.519999999999996
4,3,5,8,3,8,4,9.999999999999998
6,3,4,8,3,3,3,9.740000000000004
4,5,5,4,6,4,8,30.779999999999998
3,8,4,5,8,6,6,50.940000000000005
6,6,4,4,5,4,5,9.840000000000003
5,3,5,8,4,8,4,9.899999999999999
5,6,5,8,4,3,6,9.18
4,4,4,8,3,8,3,9.319999999999995
6,8,5,8,4,3,8,10.160000000000002
8,4,5,6,6,6,8,80.94
8,4,6,8,4,8,3,9.379999999999999
6,6,3,4,4,3,4,10.040000000000004
5,6,5,3,3,3,5,10.099999999999998
4,6,6,6,4,3,4,9.999999999999998
4,5,6,4,4,8,3,10.140000000000004
6,8,3,3,3,6,8,10.019999999999996
5,4,8,6,6,5,3,10.560000000000002
4,6,5,5,5,4,6,61.8
3,6,4,3,8,6,4,9.919999999999995
8,6,8,4,5,3,4,10.040000000000004
3,3,6,3,8,5,6,10.119999999999996
3,4,8,8,4,6,8,29.900000000000006
4,6,8,3,4,4,8,10.38
8,5,8,4,4,8,8,41.14
6,8,8,3,8,8,3,10.780000000000001
6,3,5,3,4,8,6,9.68
3,8,5,6,8,4,5,30.94
3,5,3,3,8,3,6,9.58
5,6,4,4,6,5,5,51.96000000000001
5,5,3,3,5,8,6,9.46
3,6,8,6,5,3,8,9.879999999999999
8,8,4,6,6,8,6,78.36
5,4,8,8,3,8,8,9.760000000000002
3,8,4,5,5,8,6,52.160000000000004
6,3,6,5,8,4,6,10.160000000000002
8,3,4,5,3,5,6,10.119999999999996
8,5,5,6,5,3,3,9.999999999999998
6,6,8,3,6,6,3,10.019999999999996
6,5,3,3,4,5,3,9.379999999999999
8,8,8,3,3,6,3,10.68
4,5,5,5,5,3,6,9.98
6,4,5,6,5,8,4,51.300000000000004
8,8,3,8,5,6,4,10.199999999999998
5,5,5,4,4,4,4,9.28
3,6,8,8,8,3,8,9.760000000000002
8,6,5,5,3,4,3,10.140000000000004
5,5,6,6,4,6,5,66.6
6,8,3,5,5,6,8,38.959999999999994
8,8,6,5,3,6,4,10.060000000000002
5,6,8,8,6,4,6,73.42
5,8,5,4,6,5,5,63.800000000000004
4,8,3,4,5,4,4,10.419999999999996
6,3,6,4,5,6,8,16.759999999999998
5,6,6,5,5,4,4,26.439999999999998
4,6,4,6,5,3,3,9.740000000000004
8,6,3,3,4,8,8,10.499999999999998
4,8,5,5,4,8,5,60.9
5,3,3,3,8,3,4,10.199999999999998
6,3,4,8,8,6,8,37.08
3,3,8,3,4,4,8,10.140000000000004
3,5,3,6,4,3,5,9.399999999999997
3,5,5,3,5,3,3,9.399999999999997
6,4,8,4,8,4,8,10.68
3,6,5,6,8,8,3,10.160000000000002
5,3,3,8,5,5,3,9.58
8,5,5,4,4,4,8,9.219999999999995
4,8,3,8,5,4,6,10.019999999999996
5,5,4,5,6,4,4,9.999999999999998
6,5,8,4,5,5,3,10.340000000000005
6,5,4,8,4,6,4,10.819999999999997
4,4,4,5,6,6,6,64.5
6,8,6,4,5,8,6,68.94
8,8,8,4,6,3,4,9.619999999999996
8,5,4,5,4,5,4,10.199999999999998
4,6,3,4,4,3,8,9.440000000000005
3,8,6,4,4,4,8,9.860000000000003
8,6,8,4,6,4,4,9.98
5,5,3,5,5,5,3,10.040000000000004
6,4,5,6,3,6,3,10.060000000000002
8,6,6,6,6,5,4,73.32000000000001
6,5,8,8,3,3,5,10.119999999999996
3,5,4,4,8,5,8,26.580000000000005
6,4,3,4,5,6,8,9.699999999999998
5,4,3,4,4,8,4,9.68
6,4,5,4,3,5,6,10.280000000000001
6,6,8,6,8,8,4,76.42
5,3,5,5,3,6,8,9.640000000000004
4,5,6,8,5,4,6,66.5
6,3,6,4,4,6,8,9.78
5,3,5,8,6,3,4,10.219999999999995
8,4,5,8,8,4,3,10.199999999999998
5,8,3,8,5,3,6,10.640000000000004
3,5,8,5,8,8,5,63.22
8,5,3,5,5,3,4,9.540000000000004
5,5,3,3,4,5,5,9.640000000000004
6,4,8,3,5,3,8,10.019999999999996
3,4,6,3,5,8,8,10.040000000000004
3,3,4,3,4,6,8,10.460000000000003
8,5,3,4,8,8,6,10.219999999999995
4,3,6,8,3,3,5,9.799999999999997
3,5,3,4,8,5,6,9.599999999999998
5,8,3,6,4,3,8,9.519999999999996
5,5,8,5,3,4,3,10.660000000000004
4,4,5,8,5,3,6,9.819999999999995
6,3,6,8,3,6,5,9.58
5,5,3,3,5,6,8,9.540000000000004
3,5,6,5,3,5,8,10.160000000000002
6,5,5,3,6,6,6,42.900000000000006
3,6,4,4,6,5,4,10.060000000000002
6,4,8,4,3,4,5,10.38
8,4,5,3,6,8,5,10.040000000000004
6,5,3,4,5,5,4,10.319999999999997
5,4,3,8,8,5,5,8.819999999999995
5,8,5,4,6,6,8,68.19999999999999
4,3,4,5,4,8,6,10.18
3,5,6,4,8,6,5,32.879999999999995
6,6,5,3,8,5,5,9.199999999999998
4,8,3,8,6,3,8,10.399999999999999
6,5,4,4,8,5,6,53.86
8,4,4,5,6,8,3,9.360000000000001
3,8,5,4,4,5,6,10.119999999999996
5,5,5,6,8,8,3,10.18
3,4,8,8,4,5,6,26.859999999999996
6,8,5,3,3,8,8,9.799999999999997
6,3,3,6,6,5,8,9.060000000000002
6,6,6,3,6,8,5,20.220000000000006
4,8,4,5,6,4,5,39.339999999999996
5,4,6,8,4,4,6,13.900000000000002
8,3,5,6,5,8,8,45.220000000000006
4,4,3,4,8,5,4,9.219999999999995
6,3,6,5,4,6,3,9.340000000000003
6,4,5,3,6,4,3,10.419999999999996
3,5,5,8,4,8,3,10.599999999999998
4,6,3,6,6,5,8,27.339999999999996
4,5,8,6,6,8,3,9.619999999999996
3,6,6,8,3,5,6,8.96
8,4,4,3,3,6,8,10.919999999999996
3,6,6,6,6,3,8,10.740000000000006
4,3,8,3,8,3,4,10.18
5,4,3,5,4,8,6,10.240000000000006
8,3,5,5,5,6,6,40.6
5,6,4,5,6,8,5,73.61999999999999
3,8,5,4,5,3,6,10.399999999999999
5,6,4,5,8,8,3,10.140000000000004
5,8,8,8,5,8,6,87.7
3,8,6,6,8,4,4,9.619999999999996
4,6,8,4,8,8,6,66.8
4,8,6,5,6,8,5,83.06
5,8,4,3,3,5,8,9.879999999999999
4,8,4,8,3,3,4,9.760000000000002
8,5,3,6,3,8,5,10.499999999999998
3,6,5,6,5,5,5,56.71999999999999
4,8,3,8,8,3,8,9.999999999999998
4,6,3,5,4,8,6,10.7
4,4,8,3,5,4,4,10.419999999999996
3,3,4,8,8,4,8,9.28
3,4,8,4,3,3,4,9.740000000000004
4,6,8,3,4,6,5,10.299999999999997
3,4,4,3,6,3,5,10.340000000000005
8,4,5,6,5,6,5,75.53999999999999
6,4,4,6,8,3,5,10.199999999999998
5,6,3,5,3,6,6,9.640000000000004
4,4,4,8,4,5,6,34.81999999999999
6,6,4,3,6,3,4,10.299999999999997
4,5,3,4,4,5,3,10.780000000000001
8,4,3,3,6,8,6,10.140000000000004
8,8,8,6,3,4,6,10.219999999999995
5,8,6,5,6,6,8,85.33999999999999
5,3,8,4,5,4,3,10.260000000000002
4,5,6,4,6,8,4,21.020000000000007
8,8,5,5,4,3,8,9.899999999999999
4,8,5,5,3,5,5,10.599999999999998
3,3,6,5,6,4,6,10.280000000000001
3,5,6,8,8,4,4,10.740000000000006
4,8,8,6,5,5,4,64.0
5,5,4,5,3,3,4,9.879999999999999
5,4,3,4,5,6,3,9.699999999999998
4,4,3,6,3,8,8,10.360000000000003
3,5,4,4,5,8,4,9.599999999999998
4,6,8,5,4,6,8,64.88000000000001
6,6,4,6,4,4,4,10.019999999999996
6,3,8,5,4,8,6,13.100000000000001
5,4,8,5,5,6,5,74.88
5,3,4,4,5,6,5,10.860000000000003
3,3,4,4,3,6,4,9.599999999999998
8,4,4,5,8,4,5,33.68
8,8,6,3,3,4,6,10.519999999999996
5,6,5,4,5,6,6,64.86000000000001
4,4,4,5,3,8,8,9.98
4,4,3,3,6,4,3,9.799999999999997
6,3,8,3,8,4,8,10.18
3,3,3,4,4,6,4,10.140000000000004
3,4,6,8,8,6,6,61.1
8,5,6,5,3,4,6,9.46
6,3,4,3,4,6,6,9.599999999999998
5,3,5,6,8,4,8,10.58
5,5,4,3,6,3,8,9.98
5,3,5,4,3,4,3,10.599999999999998
6,6,3,6,6,5,4,9.879999999999999
5,8,3,6,6,5,5,12.519999999999998
8,6,3,3,3,4,5,9.740000000000004
5,5,6,4,3,4,3,9.48
4,4,6,4,6,3,4,9.78
5,5,8,6,8,8,6,91.8
5,5,6,5,4,5,5,62.019999999999996
3,3,6,5,4,4,5,9.760000000000002
5,5,4,8,4,3,3,9.640000000000004
8,4,5,8,3,5,6,9.760000000000002
4,8,3,4,8,5,6,9.819999999999995
5,4,3,4,5,8,4,9.519999999999996
3,3,5,5,5,6,8,22.340000000000003
3,6,4,4,6,8,4,10.219999999999995
6,4,8,4,3,8,8,10.099999999999998
3,8,3,5,8,5,5,10.160000000000002
6,5,8,8,6,5,3,10.060000000000002
4,3,4,4,6,6,5,10.48
6,3,5,4,3,6,4,9.619999999999996
6,6,4,3,5,6,6,9.719999999999995
5,8,6,3,8,4,5,10.119999999999996
6,3,8,5,5,6,6,39.22
4,3,8,3,8,4,6,10.280000000000001
5,4,5,6,8,8,8,82.48
5,8,3,3,5,8,4,9.840000000000003
6,6,5,4,3,3,8,9.660000000000002
3,6,4,6,8,5,3,10.38
3,5,4,5,5,5,4,10.399999999999999
5,8,3,6,6,4,8,10.119999999999996
5,8,6,4,5,8,8,65.08
3,3,8,8,3,3,5,9.940000000000005
3,8,3,8,6,6,4,10.119999999999996
3,3,5,4,6,8,5,9.199999999999998
3,5,3,5,6,6,3,9.78
6,4,4,3,5,3,4,9.519999999999996
4,4,3,4,5,5,8,9.98
5,5,3,6,4,6,4,10.540000000000004
5,3,4,8,8,3,6,9.640000000000004
3,3,6,4,8,4,4,9.68
4,8,8,5,4,6,6,65.10000000000001
3,8,4,8,4,8,6,28.92
3,8,3,6,5,8,6,9.899999999999999
4,3,6,5,6,6,3,9.699999999999998
5,3,8,5,8,3,4,10.199999999999998
5,6,5,5,6,5,5,82.80000000000001
5,4,8,6,8,6,3,10.280000000000001
8,4,3,5,8,5,5,9.499999999999996
6,3,4,6,5,5,8,26.680000000000003
6,5,3,8,8,4,4,9.940000000000005
3,4,3,3,3,4,3,10.019999999999996
4,3,3,5,4,3,8,9.98
4,3,6,5,8,5,4,9.399999999999997
4,6,6,6,5,8,3,9.760000000000002
6,3,6,6,5,8,6,41.76
6,4,5,5,3,8,5,10.099999999999998
3,5,6,6,8,3,4,9.660000000000002
4,8,3,5,3,4,5,9.940000000000005
6,6,6,4,6,6,4,34.260000000000005
8,4,4,5,5,5,4,30.979999999999997
6,6,5,5,5,8,4,66.34
4,6,6,6,5,4,3,9.58
3,6,3,8,8,3,3,10.799999999999999
6,5,5,3,3,5,8,9.98
4,5,5,5,3,4,3,10.460000000000003
6,3,3,4,4,5,3,9.919999999999995
5,5,6,5,6,3,3,10.360000000000003
3,4,5,3,8,4,8,10.58
3,3,5,4,6,5,5,9.299999999999997
5,5,4,5,3,3,6,9.819999999999995
6,3,5,8,8,4,5,10.740000000000006
4,4,4,3,8,8,3,9.119999999999994
5,8,3,4,5,3,8,9.960000000000003
5,8,4,3,6,3,5,9.640000000000004
3,5,3,8,6,6,5,8.999999999999996
5,5,3,6,4,5,6,10.08
6,6,8,5,8,5,4,68.64
5,5,4,6,5,4,4,9.299999999999997
4,6,4,4,8,3,3,10.399999999999999
4,4,8,4,3,4,5,10.360000000000003
4,4,5,4,5,8,4,9.640000000000004
8,8,8,8,6,5,6,90.66
6,5,5,4,6,8,8,66.53999999999999
3,3,5,8,8,4,5,9.840000000000003
8,3,5,5,8,5,4,10.299999999999997
3,3,4,3,4,5,6,9.78
6,4,8,5,5,5,6,73.85999999999999
6,6,6,3,5,4,6,9.560000000000002
8,5,8,5,6,3,6,9.699999999999998
4,6,6,3,3,5,3,10.040000000000004
5,4,8,4,6,6,5,56.2
8,6,8,6,6,8,5,90.53999999999999
4,3,4,3,8,6,6,9.899999999999999
4,6,6,4,6,6,3,10.260000000000002
8,6,8,6,3,3,8,9.360000000000001
4,5,5,8,6,3,6,9.28
8,6,3,8,8,3,3,10.399999999999999
4,3,3,3,8,4,8,10.360000000000003
8,6,6,8,4,4,6,37.8
6,5,5,6,6,5,8,86.58
6,3,6,4,8,8,3,10.360000000000003
4,6,8,4,3,3,8,9.58
8,6,5,3,4,3,3,10.019999999999996
6,5,6,8,4,8,4,29.62
6,4,6,5,6,6,8,78.12
4,6,8,3,8,4,8,10.280000000000001
3,8,4,8,4,5,6,24.839999999999996
8,6,3,4,6,5,6,10.199999999999998
8,6,6,8,3,8,8,10.7
4,6,8,6,8,8,3,10.340000000000005
3,5,6,8,4,6,3,9.419999999999995
5,6,3,3,6,3,5,10.199999999999998
5,8,6,6,3,6,5,9.599999999999998
5,5,6,8,6,5,5,87.42
3,5,8,5,8,8,6,63.2
5,3,8,5,6,6,5,36.68
4,6,4,4,4,3,4,9.46
5,3,4,4,4,4,6,9.68
3,3,3,8,6,6,8,9.560000000000002
6,4,5,3,4,4,8,9.560000000000002
4,4,3,4,6,8,6,9.78
3,6,5,6,4,3,8,9.960000000000003
3,4,8,3,4,3,5,10.160000000000002
3,6,6,3,6,6,6,9.560000000000002
3,8,6,4,5,3,4,10.640000000000004
3,4,5,8,8,5,4,13.060000000000006
3,3,6,3,5,6,4,10.260000000000002
3,5,8,3,6,8,5,10.299999999999997
5,5,4,6,4,5,6,53.48
5,4,6,3,3,4,6,9.999999999999998
4,4,5,6,6,4,3,9.599999999999998
3,6,3,5,6,3,3,9.619999999999996
8,5,4,5,6,3,5,9.899999999999999
8,3,5,4,6,4,4,9.540000000000004
6,5,4,8,5,4,3,10.260000000000002
5,5,3,4,8,5,5,10.640000000000004
