20,64800,95.0
40,64800,95.0
60,64800,91.66666666666667
80,64800,87.5
100,64800,87.0
120,64800,86.66666666666667
140,64800,86.42857142857143
160,64800,83.125
180,64800,82.22222222222223
200,64800,84.0
220,64800,84.54545454545455
240,64800,84.16666666666667
260,64800,83.84615384615384
280,64800,83.57142857142857
300,64800,84.33333333333333
320,64800,85.0
340,64800,85.29411764705883
360,64800,85.55555555555556
380,64800,85.26315789473684
400,64800,85.25
420,64800,85.95238095238095
440,64800,86.13636363636364
460,64800,86.08695652173913
480,64800,85.41666666666667
500,64800,85.2
520,64800,85.38461538461539
540,64800,85.92592592592592
560,64800,85.89285714285714
580,64800,85.6896551724138
600,64800,85.16666666666667
620,64800,85.3225806451613
640,64800,85.3125
660,64800,85.0
680,64800,84.8529411764706
700,64800,84.42857142857143
720,64800,84.44444444444444
740,64800,84.45945945945945
760,64800,84.73684210526316
780,64800,84.74358974358974
800,64800,84.75
820,64800,84.8780487804878
840,64800,85.11904761904762
860,64800,85.0
880,64800,85.11363636363636
900,64800,84.88888888888889
920,64800,84.78260869565217
940,64800,84.7872340425532
960,64800,84.89583333333333
980,64800,85.0
1000,64800,84.9
1020,64800,84.50980392156863
1040,64800,84.51923076923077
1060,64800,84.52830188679245
1080,64800,84.72222222222223
1100,64800,84.72727272727273
1120,64800,84.82142857142857
1140,64800,84.91228070175438
1160,64800,84.74137931034483
1180,64800,84.7457627118644
1200,64800,84.5
1220,64800,84.50819672131148
1240,64800,84.51612903225806
1260,64800,84.36507936507937
1280,64800,84.296875
1300,64800,84.3076923076923
1320,64800,84.46969696969697
1340,64800,84.4776119402985
1360,64800,84.41176470588235
1380,64800,84.4927536231884
1400,64800,84.57142857142857
1420,64800,84.50704225352112
1440,64800,84.51388888888889
1460,64800,84.65753424657534
1480,64800,84.72972972972973
1500,64800,84.8
1520,64800,84.73684210526316
1540,64800,84.74025974025975
1560,64800,84.87179487179488
1580,64800,84.87341772151899
1600,64800,84.75
1620,64800,84.75308641975309
1640,64800,84.8170731707317
1660,64800,84.87951807228916
1680,64800,84.88095238095238
1700,64800,84.94117647058823
1720,64800,85.05813953488372
1740,64800,85.05747126436782
1760,64800,85.05681818181819
1780,64800,85.1685393258427
1800,64800,85.16666666666667
1820,64800,85.21978021978022
1840,64800,85.27173913043478
1860,64800,85.3225806451613
1880,64800,85.31914893617021
1900,64800,85.42105263157895
1920,64800,85.3125
1940,64800,85.25773195876289
1960,64800,85.05102040816327
1980,64800,85.1010101010101
2000,64800,85.15
2020,64800,85.29702970297029
2040,64800,85.24509803921569
2060,64800,85.24271844660194
2080,64800,85.28846153846153
2100,64800,85.33333333333333
2120,64800,85.4245283018868
2140,64800,85.37383177570094
2160,64800,85.27777777777777
2180,64800,85.27522935779817
2200,64800,85.36363636363636
2220,64800,85.45045045045045
2240,64800,85.49107142857143
2260,64800,85.4424778761062
2280,64800,85.48245614035088
2300,64800,85.6086956521739
2320,64800,85.5603448275862
2340,64800,85.5982905982906
2360,64800,85.59322033898304
2380,64800,85.46218487394958
2400,64800,85.5
2420,64800,85.6198347107438
2440,64800,85.5327868852459
2460,64800,85.60975609756098
2480,64800,85.64516129032258
2500,64800,85.72
2520,64800,85.71428571428571
2540,64800,85.74803149606299
2560,64800,85.6640625
2580,64800,85.62015503875969
2600,64800,85.65384615384616
2620,64800,85.64885496183206
2640,64800,85.64393939393939
2660,64800,85.56390977443608
2680,64800,85.5223880597015
2700,64800,85.51851851851852
2720,64800,85.58823529411765
2740,64800,85.62043795620438
2760,64800,85.57971014492753
2780,64800,85.39568345323741
2800,64800,85.39285714285714
2820,64800,85.28368794326241
2840,64800,85.28169014084507
2860,64800,85.31468531468532
2880,64800,85.38194444444444
2900,64800,85.37931034482759
2920,64800,85.34246575342466
2940,64800,85.34013605442176
2960,64800,85.27027027027027
2980,64800,85.23489932885906
3000,64800,85.3
3020,64800,85.29801324503312
3040,64800,85.29605263157895
3060,64800,85.22875816993464
3080,64800,85.12987012987013
3100,64800,85.16129032258064
3120,64800,85.12820512820512
3140,64800,85.12738853503184
3160,64800,85.12658227848101
3180,64800,85.22012578616352
3200,64800,85.28125
3220,64800,85.24844720496894
3240,64800,85.24691358024691
3260,64800,85.2760736196319
3280,64800,85.21341463414635
3300,64800,85.27272727272727
3320,64800,85.21084337349397
3340,64800,85.20958083832335
3360,64800,85.20833333333333
3380,64800,85.20710059171597
3400,64800,85.1470588235294
3420,64800,85.2046783625731
3440,64800,85.23255813953489
3460,64800,85.28901734104046
3480,64800,85.316091954023
3500,64800,85.31428571428572
3520,64800,85.36931818181819
3540,64800,85.42372881355932
3560,64800,85.28089887640449
3580,64800,85.36312849162012
3600,64800,85.36111111111111
3620,64800,85.41436464088397
3640,64800,85.41208791208791
3660,64800,85.40983606557377
3680,64800,85.29891304347827
3700,64800,85.35135135135135
3720,64800,85.3225806451613
3740,64800,85.37433155080214
3760,64800,85.31914893617021
3780,64800,85.31746031746032
3800,64800,85.39473684210526
3820,64800,85.41884816753927
3840,64800,85.46875
3860,64800,85.44041450777202
3880,64800,85.38659793814433
3900,64800,85.41025641025641
3920,64800,85.40816326530613
3940,64800,85.40609137055837
3960,64800,85.45454545454545
3980,64800,85.50251256281408
4000,64800,85.475
4020,64800,85.4726368159204
4040,64800,85.42079207920793
4060,64800,85.36945812807882
4080,64800,85.31862745098039
4100,64800,85.26829268292683
4120,64800,85.31553398058253
4140,64800,85.31400966183575
4160,64800,85.3125
4180,64800,85.26315789473684
4200,64800,85.23809523809524
4220,64800,85.23696682464455
4240,64800,85.23584905660377
4260,64800,85.28169014084507
4280,64800,85.25700934579439
4300,64800,85.32558139534883
4320,64800,85.34722222222223
4340,64800,85.3225806451613
4360,64800,85.3440366972477
4380,64800,85.38812785388127
4400,64800,85.38636363636364
4420,64800,85.36199095022624
4440,64800,85.4054054054054
4460,64800,85.38116591928251
4480,64800,85.40178571428571
4500,64800,85.42222222222222
4520,64800,85.42035398230088
4540,64800,85.46255506607929
4560,64800,85.48245614035088
4580,64800,85.52401746724891
4600,64800,85.47826086956522
4620,64800,85.45454545454545
4640,64800,85.43103448275862
4660,64800,85.45064377682404
4680,64800,85.47008547008546
4700,64800,85.42553191489361
4720,64800,85.46610169491525
4740,64800,85.40084388185655
4760,64800,85.3781512605042
4780,64800,85.35564853556485
4800,64800,85.3125
4820,64800,85.33195020746888
4840,64800,85.37190082644628
4860,64800,85.39094650205762
4880,64800,85.3688524590164
4900,64800,85.38775510204081
4920,64800,85.38617886178862
4940,64800,85.36437246963563
4960,64800,85.40322580645162
4980,64800,85.34136546184739
5000,64800,85.36
5020,64800,85.39840637450199
5040,64800,85.39682539682539
5060,64800,85.35573122529644
5080,64800,85.39370078740157
5100,64800,85.3921568627451
5120,64800,85.41015625
5140,64800,85.46692607003891
5160,64800,85.46511627906976
5180,64800,85.5019305019305
5200,64800,85.5
5220,64800,85.53639846743295
5240,64800,85.51526717557252
5260,64800,85.47528517110266
5280,64800,85.49242424242425
5300,64800,85.43396226415095
5320,64800,85.41353383458646
5340,64800,85.4307116104869
5360,64800,85.39179104477611
5380,64800,85.3903345724907
5400,64800,85.4074074074074
5420,64800,85.38745387453875
5440,64800,85.42279411764706
5460,64800,85.43956043956044
5480,64800,85.41970802919708
5500,64800,85.43636363636364
5520,64800,85.43478260869566
5540,64800,85.3971119133574
5560,64800,85.43165467625899
5580,64800,85.44802867383513
5600,64800,85.41071428571429
5620,64800,85.40925266903915
5640,64800,85.44326241134752
5660,64800,85.45936395759718
5680,64800,85.44014084507042
5700,64800,85.49122807017544
5720,64800,85.45454545454545
5740,64800,85.4006968641115
5760,64800,85.38194444444444
5780,64800,85.39792387543253
5800,64800,85.39655172413794
5820,64800,85.41237113402062
5840,64800,85.41095890410959
5860,64800,85.37542662116041
5880,64800,85.37414965986395
5900,64800,85.38983050847457
5920,64800,85.38851351351352
5940,64800,85.38720538720538
5960,64800,85.40268456375838
5980,64800,85.40133779264214
6000,64800,85.4
6020,64800,85.36544850498339
6040,64800,85.36423841059603
6060,64800,85.37953795379538
6080,64800,85.39473684210526
6100,64800,85.39344262295081
6120,64800,85.42483660130719
6140,64800,85.4071661237785
6160,64800,85.42207792207792
6180,64800,85.45307443365695
6200,64800,85.45161290322581
6220,64800,85.41800643086816
6240,64800,85.41666666666667
6260,64800,85.44728434504792
6280,64800,85.47770700636943
6300,64800,85.47619047619048
6320,64800,85.50632911392405
6340,64800,85.47318611987382
6360,64800,85.45597484276729
6380,64800,85.47021943573668
6400,64800,85.4375
6420,64800,85.43613707165109
6440,64800,85.46583850931677
6460,64800,85.44891640866874
6480,64800,85.46296296296296
6500,64800,85.41538461538461
6520,64800,85.44478527607362
6540,64800,85.47400611620795
6560,64800,85.5030487804878
6580,64800,85.48632218844985
6600,64800,85.46969696969697
6620,64800,85.45317220543807
6640,64800,85.45180722891567
6660,64800,85.48048048048048
6680,64800,85.50898203592814
6700,64800,85.50746268656717
6720,64800,85.50595238095238
6740,64800,85.51928783382789
6760,64800,85.53254437869822
6780,64800,85.53097345132744
6800,64800,85.57352941176471
6820,64800,85.58651026392963
6840,64800,85.59941520467837
6860,64800,85.58309037900875
6880,64800,85.59593023255815
6900,64800,85.59420289855072
6920,64800,85.59248554913295
6940,64800,85.56195965417868
6960,64800,85.57471264367815
6980,64800,85.58739255014326
7000,64800,85.61428571428571
7020,64800,85.62678062678063
7040,64800,85.6534090909091
7060,64800,85.63739376770538
7080,64800,85.63559322033899
7100,64800,85.66197183098592
7120,64800,85.68820224719101
7140,64800,85.70028011204482
7160,64800,85.67039106145252
7180,64800,85.66852367688023
7200,64800,85.66666666666667
7220,64800,85.65096952908587
7240,64800,85.6353591160221
7260,64800,85.633608815427
7280,64800,85.61813186813187
7300,64800,85.61643835616438
7320,64800,85.62841530054645
7340,64800,85.65395095367847
7360,64800,85.66576086956522
7380,64800,85.67750677506776
7400,64800,85.67567567567568
7420,64800,85.67385444743935
7440,64800,85.65860215053763
7460,64800,85.68364611260054
7480,64800,85.72192513368984
7500,64800,85.73333333333333
7520,64800,85.75797872340425
7540,64800,85.75596816976127
7560,64800,85.75396825396825
7580,64800,85.7915567282322
7600,64800,85.78947368421052
7620,64800,85.8005249343832
7640,64800,85.83769633507853
7660,64800,85.80939947780679
7680,64800,85.83333333333333
7700,64800,85.81818181818181
7720,64800,85.84196891191709
7740,64800,85.82687338501292
7760,64800,85.83762886597938
7780,64800,85.84832904884318
7800,64800,85.85897435897436
7820,64800,85.8695652173913
7840,64800,85.8545918367347
7860,64800,85.87786259541984
7880,64800,85.88832487309645
7900,64800,85.89873417721519
7920,64800,85.9090909090909
7940,64800,85.91939546599497
7960,64800,85.92964824120602
7980,64800,85.92731829573935
8000,64800,85.9125
8020,64800,85.93516209476309
8040,64800,85.95771144278606
8060,64800,85.9801488833747
8080,64800,85.95297029702971
8100,64800,85.98765432098766
8120,64800,85.98522167487685
8140,64800,85.98280098280098
8160,64800,85.98039215686275
8180,64800,85.99022004889976
8200,64800,85.97560975609755
8220,64800,85.9610705596107
8240,64800,85.95873786407768
8260,64800,85.95641646489103
8280,64800,85.91787439613526
8300,64800,85.92771084337349
8320,64800,85.94951923076923
8340,64800,85.95923261390887
8360,64800,85.94497607655502
8380,64800,85.94272076372314
8400,64800,85.94047619047619
8420,64800,85.92636579572446
8440,64800,85.9004739336493
8460,64800,85.91016548463357
8480,64800,85.93160377358491
8500,64800,85.92941176470588
8520,64800,85.96244131455398
8540,64800,85.98360655737704
8560,64800,86.00467289719626
8580,64800,86.01398601398601
8600,64800,85.97674418604652
8620,64800,85.99767981438515
8640,64800,86.00694444444444
8660,64800,86.01616628175519
8680,64800,86.01382488479263
8700,64800,85.98850574712644
8720,64800,85.9862385321101
8740,64800,85.98398169336384
8760,64800,85.9931506849315
8780,64800,85.97949886104783
8800,64800,85.97727272727273
8820,64800,85.98639455782313
8840,64800,85.9841628959276
8860,64800,85.98194130925508
8880,64800,85.97972972972973
8900,64800,85.98876404494382
8920,64800,85.99775784753363
8940,64800,86.00671140939598
8960,64800,86.02678571428571
8980,64800,86.02449888641425
9000,64800,86.02222222222223
9020,64800,86.01995565410199
9040,64800,86.02876106194691
9060,64800,86.02649006622516
9080,64800,86.00220264317181
9100,64800,85.98901098901099
9120,64800,85.99780701754386
9140,64800,85.97374179431073
9160,64800,85.9934497816594
9180,64800,86.01307189542484
9200,64800,86.03260869565217
9220,64800,86.03036876355749
9240,64800,86.04978354978356
9260,64800,86.05831533477321
9280,64800,86.06681034482759
9300,64800,86.06451612903226
9320,64800,86.07296137339056
9340,64800,86.09207708779444
9360,64800,86.07905982905983
9380,64800,86.08742004264393
9400,64800,86.1063829787234
9420,64800,86.09341825902335
9440,64800,86.05932203389831
9460,64800,86.07822410147992
9480,64800,86.08649789029536
9500,64800,86.08421052631579
9520,64800,86.11344537815125
9540,64800,86.13207547169812
9560,64800,86.11924686192468
9580,64800,86.12734864300626
9600,64800,86.13541666666667
9620,64800,86.14345114345114
9640,64800,86.14107883817428
9660,64800,86.15942028985508
9680,64800,86.15702479338843
9700,64800,86.16494845360825
9720,64800,86.17283950617283
9740,64800,86.17043121149898
9760,64800,86.17827868852459
9780,64800,86.18609406952966
9800,64800,86.20408163265306
9820,64800,86.20162932790224
9840,64800,86.20934959349593
9860,64800,86.23732251521298
9880,64800,86.21457489878543
9900,64800,86.20202020202021
9920,64800,86.19959677419355
9940,64800,86.17706237424547
9960,64800,86.16465863453816
9980,64800,86.18236472945891
10000,64800,86.17
10020,64800,86.16766467065868
10040,64800,86.17529880478088
10060,64800,86.18290258449304
10080,64800,86.18055555555556
10100,64800,86.16831683168317
10120,64800,86.17588932806323
10140,64800,86.18343195266272
10160,64800,86.19094488188976
10180,64800,86.1984282907662
10200,64800,86.19607843137256
10220,64800,86.17416829745596
10240,64800,86.171875
10260,64800,86.16959064327486
10280,64800,86.13813229571984
10300,64800,86.14563106796116
10320,64800,86.12403100775194
10340,64800,86.14119922630562
10360,64800,86.11969111969113
10380,64800,86.14643545279384
10400,64800,86.13461538461539
10420,64800,86.14203454894434
10440,64800,86.16858237547893
10460,64800,86.19502868068834
10480,64800,86.16412213740458
10500,64800,86.15238095238095
10520,64800,86.12167300380229
10540,64800,86.11954459203037
10560,64800,86.12689393939394
10580,64800,86.12476370510397
10600,64800,86.14150943396227
10620,64800,86.13935969868173
10640,64800,86.14661654135338
10660,64800,86.10694183864915
10680,64800,86.11423220973782
10700,64800,86.1214953271028
10720,64800,86.08208955223881
10740,64800,86.09869646182496
10760,64800,86.09665427509293
10780,64800,86.11317254174396
10800,64800,86.10185185185185
10820,64800,86.090573012939
10840,64800,86.07011070110701
10860,64800,86.06813996316758
10880,64800,86.0845588235294
10900,64800,86.10091743119266
10920,64800,86.10805860805861
10940,64800,86.12431444241317
10960,64800,86.11313868613139
10980,64800,86.12021857923497
11000,64800,86.12727272727273
11020,64800,86.13430127041742
11040,64800,86.15036231884058
11060,64800,86.15732368896926
11080,64800,86.16425992779783
11100,64800,86.14414414414415
11120,64800,86.13309352517986
11140,64800,86.1310592459605
11160,64800,86.12903225806451
11180,64800,86.13595706618962
11200,64800,86.14285714285714
11220,64800,86.15864527629233
11240,64800,86.17437722419929
11260,64800,86.16341030195382
11280,64800,86.1790780141844
11300,64800,86.1858407079646
11320,64800,86.20141342756183
11340,64800,86.19047619047619
11360,64800,86.18838028169014
11380,64800,86.1775043936731
11400,64800,86.17543859649123
11420,64800,86.17338003502627
11440,64800,86.17132867132867
11460,64800,86.18673647469458
11480,64800,86.17595818815332
11500,64800,86.17391304347827
11520,64800,86.18055555555556
11540,64800,86.17850953206239
11560,64800,86.18512110726644
11580,64800,86.19170984455958
11600,64800,86.19827586206897
11620,64800,86.20481927710843
11640,64800,86.18556701030928
11660,64800,86.19210977701543
11680,64800,86.16438356164383
11700,64800,86.17948717948718
11720,64800,86.17747440273038
11740,64800,86.1839863713799
11760,64800,86.19897959183673
11780,64800,86.20543293718167
11800,64800,86.20338983050847
11820,64800,86.20135363790186
11840,64800,86.21621621621621
11860,64800,86.2141652613828
11880,64800,86.21212121212122
11900,64800,86.21008403361344
11920,64800,86.20805369127517
11940,64800,86.19765494137353
11960,64800,86.20401337792642
11980,64800,86.21869782971619
12000,64800,86.2
12020,64800,86.2063227953411
12040,64800,86.22093023255815
12060,64800,86.22719734660033
12080,64800,86.21688741721854
12100,64800,86.21487603305785
12120,64800,86.20462046204621
12140,64800,86.20263591433279
12160,64800,86.20065789473684
12180,64800,86.19868637110017
12200,64800,86.19672131147541
12220,64800,86.20294599018003
12240,64800,86.19281045751634
12260,64800,86.19086460032626
12280,64800,86.18892508143323
12300,64800,86.17073170731707
12320,64800,86.17694805194805
12340,64800,86.18314424635332
12360,64800,86.18932038834951
12380,64800,86.18739903069466
12400,64800,86.1774193548387
12420,64800,86.15942028985508
12440,64800,86.15755627009646
12460,64800,86.14767255216694
12480,64800,86.15384615384616
12500,64800,86.152
12520,64800,86.15015974440895
12540,64800,86.15629984051037
12560,64800,86.17038216560509
12580,64800,86.19236883942766
12600,64800,86.2063492063492
12620,64800,86.19651347068145
12640,64800,86.1867088607595
12660,64800,86.17693522906794
12680,64800,86.18296529968454
12700,64800,86.18897637795276
12720,64800,86.187106918239
12740,64800,86.16169544740973
12760,64800,86.13636363636364
12780,64800,86.14241001564945
12800,64800,86.1640625
12820,64800,86.14664586583463
12840,64800,86.15264797507788
12860,64800,86.15863141524106
12880,64800,86.1723602484472
12900,64800,86.17054263565892
12920,64800,86.17647058823529
12940,64800,86.16692426584235
12960,64800,86.16512345679013
12980,64800,86.14791987673344
13000,64800,86.15384615384616
13020,64800,86.16743471582181
13040,64800,86.17331288343559
13060,64800,86.18683001531393
13080,64800,86.19266055045871
13100,64800,86.20610687022901
13120,64800,86.1814024390244
13140,64800,86.16438356164383
13160,64800,86.1854103343465
13180,64800,86.19119878603945
13200,64800,86.18181818181819
13220,64800,86.1875945537065
13240,64800,86.19335347432025
13260,64800,86.20663650075414
13280,64800,86.21234939759036
13300,64800,86.21052631578948
13320,64800,86.20870870870871
13340,64800,86.19940029985007
13360,64800,86.19760479041916
13380,64800,86.18834080717488
13400,64800,86.19402985074628
13420,64800,86.20715350223547
13440,64800,86.20535714285714
13460,64800,86.2035661218425
13480,64800,86.21661721068249
13500,64800,86.2074074074074
13520,64800,86.21301775147928
13540,64800,86.21122599704579
13560,64800,86.1873156342183
13580,64800,86.1782032400589
13600,64800,86.19117647058823
13620,64800,86.20411160058737
13640,64800,86.21700879765396
13660,64800,86.22254758418741
13680,64800,86.21345029239767
13700,64800,86.21897810218978
13720,64800,86.21720116618076
13740,64800,86.20815138282387
13760,64800,86.2063953488372
13780,64800,86.21190130624093
13800,64800,86.19565217391305
13820,64800,86.20839363241679
13840,64800,86.20664739884393
13860,64800,86.21933621933621
13880,64800,86.21037463976946
13900,64800,86.22302158273381
13920,64800,86.21408045977012
13940,64800,86.19799139167863
13960,64800,86.189111747851
13980,64800,86.19456366237482
14000,64800,86.20714285714286
14020,64800,86.19115549215407
14040,64800,86.20370370370371
14060,64800,86.20199146514936
14080,64800,86.2002840909091
14100,64800,86.19858156028369
14120,64800,86.20396600566572
14140,64800,86.21640735502122
14160,64800,86.20762711864407
14180,64800,86.21297602256699
14200,64800,86.1830985915493
14220,64800,86.18846694796062
14240,64800,86.1938202247191
14260,64800,86.19915848527349
14280,64800,86.19047619047619
14300,64800,86.18881118881119
14320,64800,86.18715083798882
14340,64800,86.19246861924687
14360,64800,86.19777158774373
14380,64800,86.20305980528512
14400,64800,86.20138888888889
14420,64800,86.1997226074896
14440,64800,86.20498614958449
14460,64800,86.2240663900415
14480,64800,86.2292817679558
14500,64800,86.23448275862069
14520,64800,86.21900826446281
14540,64800,86.21733149931224
14560,64800,86.21565934065934
14580,64800,86.21399176954732
14600,64800,86.21232876712328
14620,64800,86.20383036935705
14640,64800,86.20901639344262
14660,64800,86.20736698499317
14680,64800,86.21934604904632
14700,64800,86.21768707482993
14720,64800,86.19565217391305
14740,64800,86.20081411126188
14760,64800,86.19918699186992
14780,64800,86.19756427604871
14800,64800,86.19594594594595
14820,64800,86.20782726045884
14840,64800,86.20619946091644
14860,64800,86.21803499327052
14880,64800,86.22311827956989
14900,64800,86.22147651006712
14920,64800,86.21983914209115
14940,64800,86.23159303882196
14960,64800,86.2433155080214
14980,64800,86.2283044058745
15000,64800,86.24
15020,64800,86.24500665778962
15040,64800,86.23005319148936
15060,64800,86.24169986719788
15080,64800,86.23342175066313
15100,64800,86.23841059602648
15120,64800,86.24338624338624
15140,64800,86.24834874504623
15160,64800,86.2598944591029
15180,64800,86.23847167325428
15200,64800,86.22368421052632
15220,64800,86.21550591327201
15240,64800,86.22047244094489
15260,64800,86.19921363040629
15280,64800,86.19764397905759
15300,64800,86.19607843137256
15320,64800,86.17493472584856
15340,64800,86.16688396349413
15360,64800,86.16536458333333
15380,64800,86.1703511053316
15400,64800,86.17532467532467
15420,64800,86.16731517509727
15440,64800,86.17227979274611
15460,64800,86.17076326002588
15480,64800,86.18217054263566
15500,64800,86.18709677419355
15520,64800,86.19845360824742
15540,64800,86.20978120978121
15560,64800,86.19537275064268
15580,64800,86.2002567394095
15600,64800,86.18589743589743
15620,64800,86.19078104993598
15640,64800,86.18925831202046
15660,64800,86.18773946360153
15680,64800,86.19897959183673
15700,64800,86.19745222929936
15720,64800,86.20229007633588
15740,64800,86.21346886912325
15760,64800,86.21192893401015
15780,64800,86.21039290240812
15800,64800,86.22151898734177
15820,64800,86.21997471554994
15840,64800,86.23106060606061
15860,64800,86.20428751576293
15880,64800,86.20277078085643
15900,64800,86.19496855345912
15920,64800,86.18718592964824
15940,64800,86.19824341279799
15960,64800,86.203007518797
15980,64800,86.19524405506884
16000,64800,86.1875
16020,64800,86.18601747815231
16040,64800,86.19077306733168
16060,64800,86.20174346201743
16080,64800,86.20024875621891
16100,64800,86.2111801242236
16120,64800,86.21588089330025
16140,64800,86.2081784386617
16160,64800,86.2128712871287
16180,64800,86.21755253399259
16200,64800,86.22222222222223
16220,64800,86.23304562268804
16240,64800,86.23768472906404
16260,64800,86.23001230012301
16280,64800,86.24692874692875
16300,64800,86.25153374233129
16320,64800,86.25612745098039
16340,64800,86.2545899632803
16360,64800,86.24083129584352
16380,64800,86.25152625152626
16400,64800,86.26219512195122
16420,64800,86.278928136419
16440,64800,86.28345498783455
16460,64800,86.28189550425273
16480,64800,86.27427184466019
16500,64800,86.2909090909091
16520,64800,86.30750605326877
16540,64800,86.31197097944377
16560,64800,86.29830917874396
16580,64800,86.30277442702051
16600,64800,86.31927710843374
16620,64800,86.31768953068593
16640,64800,86.31610576923077
16660,64800,86.32052821128451
16680,64800,86.3189448441247
16700,64800,86.31736526946108
16720,64800,86.3157894736842
16740,64800,86.3142174432497
16760,64800,86.31264916467781
16780,64800,86.32300357568533
16800,64800,86.30952380952381
16820,64800,86.30202140309156
16840,64800,86.312351543943
16860,64800,86.3226571767497
16880,64800,86.30924170616113
16900,64800,86.3076923076923
16920,64800,86.30614657210401
16940,64800,86.2987012987013
16960,64800,86.29716981132076
16980,64800,86.3133097762073
17000,64800,86.32352941176471
17020,64800,86.29259694477086
17040,64800,86.29107981220658
17060,64800,86.2778429073857
17080,64800,86.25878220140515
17100,64800,86.25730994152046
17120,64800,86.2733644859813
17140,64800,86.26604434072345
17160,64800,86.27622377622377
17180,64800,86.28637951105937
17200,64800,86.29069767441861
17220,64800,86.28339140534263
17240,64800,86.2877030162413
17260,64800,86.2920046349942
17280,64800,86.29629629629629
17300,64800,86.29479768786128
17320,64800,86.30484988452656
17340,64800,86.29757785467127
17360,64800,86.30184331797236
17380,64800,86.31760644418873
17400,64800,86.32758620689656
17420,64800,86.33754305396097
17440,64800,86.34174311926606
17460,64800,86.3516609392898
17480,64800,86.34439359267735
17500,64800,86.35428571428571
17520,64800,86.35844748858447
17540,64800,86.35119726339795
17560,64800,86.3382687927107
17580,64800,86.3481228668942
17600,64800,86.3409090909091
17620,64800,86.33938706015891
17640,64800,86.33786848072562
17660,64800,86.34767836919592
17680,64800,86.34615384615384
17700,64800,86.33898305084746
17720,64800,86.33182844243792
17740,64800,86.33032694475762
17760,64800,86.3231981981982
17780,64800,86.31608548931383
17800,64800,86.31460674157303
17820,64800,86.30190796857464
17840,64800,86.3060538116592
17860,64800,86.3157894736842
17880,64800,86.31991051454139
17900,64800,86.32402234636872
17920,64800,86.32254464285714
17940,64800,86.32664437012264
17960,64800,86.33630289532294
17980,64800,86.34593993325917
18000,64800,86.36111111111111
18020,64800,86.35960044395117
18040,64800,86.36363636363636
18060,64800,86.37320044296789
18080,64800,86.36061946902655
18100,64800,86.35911602209944
18120,64800,86.35761589403974
18140,64800,86.34509371554576
18160,64800,86.33810572687224
18180,64800,86.33113311331132
18200,64800,86.32967032967034
18220,64800,86.34467618002195
18240,64800,86.32675438596492
18260,64800,86.33077765607887
18280,64800,86.3293216630197
18300,64800,86.33879781420765
18320,64800,86.32096069868996
18340,64800,86.32497273718647
18360,64800,86.32352941176471
18380,64800,86.32752992383026
18400,64800,86.32608695652173
18420,64800,86.34093376764386
18440,64800,86.34490238611714
18460,64800,86.34886240520044
18480,64800,86.35822510822511
18500,64800,86.36216216216216
18520,64800,86.37149028077754
18540,64800,86.38079827400216
18560,64800,86.37931034482759
18580,64800,86.38320775026911
18600,64800,86.38172043010752
18620,64800,86.39097744360902
18640,64800,86.40557939914163
18660,64800,86.41479099678456
18680,64800,86.4186295503212
18700,64800,86.42780748663101
18720,64800,86.42628205128206
18740,64800,86.43009605122732
18760,64800,86.42324093816632
18780,64800,86.43237486687966
18800,64800,86.43085106382979
18820,64800,86.43995749202976
18840,64800,86.44904458598727
18860,64800,86.46341463414635
18880,64800,86.45656779661017
18900,64800,86.43915343915344
18920,64800,86.44820295983087
18940,64800,86.44139387539599
18960,64800,86.44514767932489
18980,64800,86.44889357218125
19000,64800,86.4578947368421
19020,64800,86.46161934805468
19040,64800,86.46008403361344
19060,64800,86.46379853095488
19080,64800,86.45702306079664
19100,64800,86.45026178010471
19120,64800,86.43828451882845
19140,64800,86.4367816091954
19160,64800,86.44050104384134
19180,64800,86.44942648592284
19200,64800,86.453125
19220,64800,86.45161290322581
19240,64800,86.45530145530145
19260,64800,86.44859813084112
19280,64800,86.44709543568464
19300,64800,86.44559585492227
19320,64800,86.43374741200829
19340,64800,86.42192347466391
19360,64800,86.42561983471074
19380,64800,86.42930856553147
19400,64800,86.42268041237114
19420,64800,86.42636457260556
19440,64800,86.41975308641975
19460,64800,86.41829393627955
19480,64800,86.42197125256673
19500,64800,86.42051282051283
19520,64800,86.42418032786885
19540,64800,86.41760491299898
19560,64800,86.4161554192229
19580,64800,86.42492339121553
19600,64800,86.42857142857143
19620,64800,86.41692150866463
19640,64800,86.42057026476579
19660,64800,86.41912512716175
19680,64800,86.42276422764228
19700,64800,86.41624365482234
19720,64800,86.40973630831643
19740,64800,86.41843971631205
19760,64800,86.417004048583
19780,64800,86.41557128412538
19800,64800,86.42929292929293
19820,64800,86.41775983854693
19840,64800,86.41129032258064
19860,64800,86.41490433031218
19880,64800,86.41348088531187
19900,64800,86.4070351758794
19920,64800,86.41566265060241
19940,64800,86.40421263791374
19960,64800,86.41282565130261
19980,64800,86.41641641641641
20000,64800,86.42
20020,64800,86.41858141858143
20040,64800,86.4121756487026
20060,64800,86.41076769690928
20080,64800,86.41434262948208
20100,64800,86.40298507462687
20120,64800,86.4065606361829
20140,64800,86.41012909632572
20160,64800,86.42361111111111
20180,64800,86.43211100099109
20200,64800,86.42079207920793
20220,64800,86.41938674579625
20240,64800,86.41798418972331
20260,64800,86.42645607107602
20280,64800,86.42998027613412
20300,64800,86.43349753694581
20320,64800,86.43208661417323
20340,64800,86.44051130776795
20360,64800,86.44891944990177
20380,64800,86.44749754661433
20400,64800,86.44117647058823
20420,64800,86.42997061704212
20440,64800,86.42857142857143
20460,64800,86.43695014662757
20480,64800,86.4404296875
20500,64800,86.44878048780488
20520,64800,86.45711500974659
20540,64800,86.45569620253164
20560,64800,86.46400778210116
20580,64800,86.46744412050535
20600,64800,86.45631067961165
20620,64800,86.45974781765277
20640,64800,86.46802325581395
20660,64800,86.46660212971926
20680,64800,86.4651837524178
20700,64800,86.47342995169082
20720,64800,86.46718146718146
20740,64800,86.47540983606558
20760,64800,86.47880539499036
20780,64800,86.48700673724736
20800,64800,86.4951923076923
20820,64800,86.48895292987513
20840,64800,86.48752399232245
20860,64800,86.49089165867689
20880,64800,86.48946360153256
20900,64800,86.48325358851675
20920,64800,86.48183556405354
20940,64800,86.4756446991404
20960,64800,86.45515267175573
20980,64800,86.45376549094375
21000,64800,86.46666666666667
21020,64800,86.47002854424358
21040,64800,86.47813688212928
21060,64800,86.48148148148148
21080,64800,86.48007590132828
21100,64800,86.4691943127962
21120,64800,86.47727272727273
21140,64800,86.480605487228
21160,64800,86.47448015122873
21180,64800,86.48253068932955
21200,64800,86.49056603773585
21220,64800,86.48916116870876
21240,64800,86.4924670433145
21260,64800,86.50517403574788
21280,64800,86.50375939849624
21300,64800,86.50234741784037
21320,64800,86.51031894934334
21340,64800,86.51358950328023
21360,64800,86.5121722846442
21380,64800,86.51075771749298
21400,64800,86.50467289719626
21420,64800,86.51727357609711
21440,64800,86.52985074626865
21460,64800,86.5237651444548
21480,64800,86.52234636871508
21500,64800,86.52093023255814
21520,64800,86.51951672862454
21540,64800,86.51810584958217
21560,64800,86.51669758812616
21580,64800,86.50139017608898
21600,64800,86.49537037037037
21620,64800,86.49398704902868
21640,64800,86.49722735674676
21660,64800,86.5050784856879
21680,64800,86.50369003690037
21700,64800,86.51152073732719
21720,64800,86.51012891344384
21740,64800,86.50873965041399
21760,64800,86.51194852941177
21780,64800,86.50596877869606
21800,64800,86.5045871559633
21820,64800,86.50779101741522
21840,64800,86.5018315018315
21860,64800,86.50503202195792
21880,64800,86.50822669104205
21900,64800,86.52054794520548
21920,64800,86.52828467153284
21940,64800,86.52689152233364
21960,64800,86.53460837887067
21980,64800,86.52866242038216
22000,64800,86.52272727272727
22020,64800,86.52588555858311
22040,64800,86.51996370235935
22060,64800,86.5140525838622
22080,64800,86.5036231884058
22100,64800,86.51131221719457
22120,64800,86.50994575045208
22140,64800,86.5040650406504
22160,64800,86.50270758122744
22180,64800,86.51036970243463
22200,64800,86.50450450450451
22220,64800,86.5076507650765
22240,64800,86.50629496402878
22260,64800,86.49595687331536
22280,64800,86.49910233393177
22300,64800,86.4932735426009
22320,64800,86.47849462365592
22340,64800,86.48612354521039
22360,64800,86.48926654740609
22380,64800,86.49687220732797
22400,64800,86.48214285714286
22420,64800,86.48528099910794
22440,64800,86.49286987522282
22460,64800,86.50044523597506
22480,64800,86.4991103202847
22500,64800,86.49333333333334
22520,64800,86.49644760213144
22540,64800,86.50399290150843
22560,64800,86.48936170212765
22580,64800,86.49247121346325
22600,64800,86.49115044247787
22620,64800,86.49425287356321
22640,64800,86.5017667844523
22660,64800,86.50485436893204
22680,64800,86.50352733686067
22700,64800,86.51101321585904
22720,64800,86.49207746478874
22740,64800,86.49516270888303
22760,64800,86.50263620386643
22780,64800,86.50131694468833
22800,64800,86.49122807017544
22820,64800,86.48553900087643
22840,64800,86.48861646234676
22860,64800,86.49606299212599
22880,64800,86.49912587412588
22900,64800,86.4934497816594
22920,64800,86.49650959860384
22940,64800,86.49956408020924
22960,64800,86.50696864111498
22980,64800,86.50565709312446
23000,64800,86.5
23020,64800,86.498696785404
23040,64800,86.50173611111111
23060,64800,86.50910667823071
23080,64800,86.51213171577123
23100,64800,86.5021645021645
23120,64800,86.50519031141869
23140,64800,86.51685393258427
23160,64800,86.51986183074266
23180,64800,86.52286453839517
23200,64800,86.51293103448276
23220,64800,86.51593453919035
23240,64800,86.52323580034424
23260,64800,86.5262252794497
23280,64800,86.52061855670104
23300,64800,86.51502145922747
23320,64800,86.50943396226415
23340,64800,86.5038560411311
23360,64800,86.50256849315069
23380,64800,86.49700598802396
23400,64800,86.49145299145299
23420,64800,86.49017933390265
23440,64800,86.49317406143345
23460,64800,86.50042625745951
23480,64800,86.49488926746167
23500,64800,86.49361702127659
23520,64800,86.4795918367347
23540,64800,86.48683092608326
23560,64800,86.49405772495756
23580,64800,86.4885496183206
23600,64800,86.48728813559322
23620,64800,86.4987298899238
23640,64800,86.49746192893402
23660,64800,86.49619611158073
23680,64800,86.50760135135135
23700,64800,86.50632911392405
23720,64800,86.50505902192243
23740,64800,86.51221566975569
23760,64800,86.51094276094275
23780,64800,86.5138772077376
23800,64800,86.50420168067227
23820,64800,86.49874055415617
23840,64800,86.50167785234899
23860,64800,86.49622799664711
23880,64800,86.50753768844221
23900,64800,86.51046025104603
23920,64800,86.5133779264214
23940,64800,86.51629072681705
23960,64800,86.51085141903172
23980,64800,86.50959132610508
24000,64800,86.51666666666667
24020,64800,86.51540383014155
24040,64800,86.51830282861897
24060,64800,86.50872817955113
24080,64800,86.515780730897
24100,64800,86.51452282157676
24120,64800,86.51741293532338
24140,64800,86.51201325600663
24160,64800,86.51076158940397
24180,64800,86.50951199338296
24200,64800,86.51239669421487
24220,64800,86.51527663088356
24240,64800,86.51815181518151
24260,64800,86.51690024732069
24280,64800,86.51976935749587
24300,64800,86.52263374485597
24320,64800,86.52549342105263
24340,64800,86.52423993426459
24360,64800,86.52709359605912
24380,64800,86.52994257588188
24400,64800,86.5327868852459
24420,64800,86.54381654381655
24440,64800,86.53436988543372
24460,64800,86.52902698282911
24480,64800,86.53186274509804
24500,64800,86.53877551020408
24520,64800,86.54567699836868
24540,64800,86.54441727791361
24560,64800,86.53501628664495
24580,64800,86.53783563873067
24600,64800,86.54471544715447
24620,64800,86.54346060113728
24640,64800,86.54220779220779
24660,64800,86.53284671532846
24680,64800,86.53160453808752
24700,64800,86.53846153846153
24720,64800,86.52508090614887
24740,64800,86.535974130962
24760,64800,86.53473344103392
24780,64800,86.52945924132365
24800,64800,86.52822580645162
24820,64800,86.53102336825141
24840,64800,86.52576489533011
24860,64800,86.52453740949316
24880,64800,86.52733118971061
24900,64800,86.53413654618474
24920,64800,86.54093097913322
24940,64800,86.53568564554932
24960,64800,86.53044871794872
24980,64800,86.52922337870297
25000,64800,86.536
25020,64800,86.53876898481215
25040,64800,86.54153354632588
25060,64800,86.54429369513169
25080,64800,86.54704944178629
25100,64800,86.54980079681275
25120,64800,86.54856687898089
25140,64800,86.55131264916467
25160,64800,86.54610492845786
25180,64800,86.55281969817315
25200,64800,86.54761904761905
25220,64800,86.5543219666931
25240,64800,86.54912836767036
25260,64800,86.54394299287411
25280,64800,86.5506329113924
25300,64800,86.55335968379447
25320,64800,86.5521327014218
25340,64800,86.56274664561957
25360,64800,86.54968454258675
25380,64800,86.55240346729708
25400,64800,86.55511811023622
25420,64800,86.56176239181747
25440,64800,86.55660377358491
25460,64800,86.5593087195601
25480,64800,86.56593406593407
25500,64800,86.56862745098039
25520,64800,86.57131661442006
25540,64800,86.57400156617071
25560,64800,86.58059467918623
25580,64800,86.58326817826426
25600,64800,86.578125
25620,64800,86.5807962529274
25640,64800,86.5795631825273
25660,64800,86.58222915042869
25680,64800,86.5809968847352
25700,64800,86.57976653696498
25720,64800,86.58242612752721
25740,64800,86.57731157731158
25760,64800,86.57608695652173
25780,64800,86.57874321179209
25800,64800,86.5813953488372
25820,64800,86.58791634391945
25840,64800,86.59829721362229
25860,64800,86.59706109822119
25880,64800,86.59969088098919
25900,64800,86.5984555984556
25920,64800,86.60493827160494
25940,64800,86.60370084811103
25960,64800,86.61016949152543
25980,64800,86.61277906081601
26000,64800,86.61538461538461
26020,64800,86.61029976940814
26040,64800,86.61674347158218
26060,64800,86.62317728319263
26080,64800,86.62576687116564
26100,64800,86.62452107279694
26120,64800,86.6156202143951
26140,64800,86.60673297628156
26160,64800,86.5940366972477
26180,64800,86.60045836516424
26200,64800,86.61068702290076
26220,64800,86.60183066361556
26240,64800,86.60442073170732
26260,64800,86.60319878141661
26280,64800,86.61339421613394
26300,64800,86.61596958174906
26320,64800,86.61854103343465
26340,64800,86.61351556567958
26360,64800,86.61608497723824
26380,64800,86.61485974222896
26400,64800,86.61363636363636
26420,64800,86.61619984859955
26440,64800,86.61119515885022
26460,64800,86.60997732426304
26480,64800,86.62009063444108
26500,64800,86.6188679245283
26520,64800,86.62141779788838
26540,64800,86.62773172569706
26560,64800,86.63780120481928
26580,64800,86.62151993980436
26600,64800,86.62406015037594
26620,64800,86.6228399699474
26640,64800,86.61786786786787
26660,64800,86.62415603900975
26680,64800,86.6304347826087
26700,64800,86.61423220973782
26720,64800,86.60928143712574
26740,64800,86.60807778608826
26760,64800,86.60313901345292
26780,64800,86.60941000746826
26800,64800,86.61194029850746
26820,64800,86.60700969425801
26840,64800,86.60953800298063
26860,64800,86.6120625465376
26880,64800,86.61830357142857
26900,64800,86.61710037174721
26920,64800,86.61589895988114
26940,64800,86.61469933184856
26960,64800,86.61721068249258
26980,64800,86.61971830985915
27000,64800,86.62222222222222
27020,64800,86.61732050333086
27040,64800,86.6198224852071
27060,64800,86.61492978566149
27080,64800,86.62112259970458
27100,64800,86.6309963099631
27120,64800,86.62241887905604
27140,64800,86.62122328666176
27160,64800,86.62739322533137
27180,64800,86.62619573215599
27200,64800,86.625
27220,64800,86.6348273328435
27240,64800,86.63362701908957
27260,64800,86.63609684519443
27280,64800,86.64589442815249
27300,64800,86.64835164835165
27320,64800,86.64348462664715
27340,64800,86.63862472567666
27360,64800,86.64473684210526
27380,64800,86.64353542731921
27400,64800,86.63868613138686
27420,64800,86.63384390955507
27440,64800,86.63265306122449
27460,64800,86.63874726875456
27480,64800,86.63755458515284
27500,64800,86.64363636363636
27520,64800,86.64607558139535
27540,64800,86.65214233841685
27560,64800,86.65094339622641
27580,64800,86.65337200870196
27600,64800,86.65942028985508
27620,64800,86.65097755249819
27640,64800,86.66063675832127
27660,64800,86.66666666666667
27680,64800,86.66907514450867
27700,64800,86.67148014440433
27720,64800,86.66305916305916
27740,64800,86.66906993511175
27760,64800,86.6678674351585
27780,64800,86.6702663786897
27800,64800,86.66546762589928
27820,64800,86.67145938173975
27840,64800,86.66666666666667
27860,64800,86.66188083273511
27880,64800,86.66427546628408
27900,64800,86.66308243727599
27920,64800,86.6618911174785
27940,64800,86.66428060128848
27960,64800,86.67024320457797
27980,64800,86.66190135811294
28000,64800,86.66428571428571
28020,64800,86.66309778729479
28040,64800,86.65477888730385
28060,64800,86.6535994297933
28080,64800,86.65242165242165
28100,64800,86.65836298932385
28120,64800,86.65362731152204
28140,64800,86.65245202558636
28160,64800,86.65482954545455
28180,64800,86.65365507452094
28200,64800,86.65957446808511
28220,64800,86.66194188518782
28240,64800,86.66784702549575
28260,64800,86.67020523708422
28280,64800,86.67609618104667
28300,64800,86.68197879858657
28320,64800,86.67725988700565
28340,64800,86.66549047282992
28360,64800,86.67489421720734
28380,64800,86.67723749119098
28400,64800,86.66901408450704
28420,64800,86.67487684729063
28440,64800,86.68424753867792
28460,64800,86.6865776528461
28480,64800,86.67485955056179
28500,64800,86.6842105263158
28520,64800,86.68302945301542
28540,64800,86.6853538892782
28560,64800,86.68417366946778
28580,64800,86.68649405178446
28600,64800,86.6958041958042
28620,64800,86.701607267645
28640,64800,86.70041899441341
28660,64800,86.69225401256107
28680,64800,86.68410041841004
28700,64800,86.68989547038328
28720,64800,86.69220055710306
28740,64800,86.68406402226861
28760,64800,86.68636995827538
28780,64800,86.68867268936762
28800,64800,86.6875
28820,64800,86.69673837612768
28840,64800,86.70596393897365
28860,64800,86.70478170478171
28880,64800,86.71052631578948
28900,64800,86.70934256055364
28920,64800,86.70816044260027
28940,64800,86.71043538355218
28960,64800,86.71616022099448
28980,64800,86.71152518978606
29000,64800,86.71034482758621
29020,64800,86.7091660923501
29040,64800,86.70798898071625
29060,64800,86.69993117687542
29080,64800,86.69876203576341
29100,64800,86.69415807560138
29120,64800,86.68956043956044
29140,64800,86.68840082361015
29160,64800,86.69067215363512
29180,64800,86.68951336531872
29200,64800,86.69520547945206
29220,64800,86.69404517453799
29240,64800,86.68946648426812
29260,64800,86.68147641831852
29280,64800,86.68032786885246
29300,64800,86.67918088737201
29320,64800,86.67462482946794
29340,64800,86.68029993183367
29360,64800,86.68596730245231
29380,64800,86.68141592920354
29400,64800,86.67006802721089
29420,64800,86.6723317471108
29440,64800,86.6711956521739
29460,64800,86.673455532926
29480,64800,86.67571234735414
29500,64800,86.67796610169492
29520,64800,86.6869918699187
29540,64800,86.68923493568043
29560,64800,86.69824086603518
29580,64800,86.69033130493577
29600,64800,86.6891891891892
29620,64800,86.69142471303174
29640,64800,86.68690958164642
29660,64800,86.6857720836143
29680,64800,86.68463611859838
29700,64800,86.68686868686869
29720,64800,86.68236877523553
29740,64800,86.68123739071957
29760,64800,86.68010752688173
29780,64800,86.68569509738079
29800,64800,86.68791946308725
29820,64800,86.69684775318578
29840,64800,86.69906166219839
29860,64800,86.70462156731413
29880,64800,86.70348058902276
29900,64800,86.70903010033445
29920,64800,86.71122994652407
29940,64800,86.70340681362725
29960,64800,86.70894526034714
29980,64800,86.70446964643095
30000,64800,86.70333333333333
30020,64800,86.69886742171886
30040,64800,86.70106524633822
30060,64800,86.7065868263473
30080,64800,86.71210106382979
30100,64800,86.72093023255815
30120,64800,86.72642762284197
30140,64800,86.728599867286
30160,64800,86.72745358090185
30180,64800,86.72962226640159
30200,64800,86.73509933774834
30220,64800,86.74387822634017
30240,64800,86.73611111111111
30260,64800,86.73826834104429
30280,64800,86.74042272126816
30300,64800,86.74257425742574
30320,64800,86.74472295514512
30340,64800,86.73698088332235
30360,64800,86.73913043478261
30380,64800,86.73469387755102
30400,64800,86.74342105263158
30420,64800,86.7422748191979
30440,64800,86.74441524310119
30460,64800,86.74655285620486
30480,64800,86.74540682414698
30500,64800,86.74098360655738
30520,64800,86.73656618610747
30540,64800,86.73542894564505
30560,64800,86.73756544502618
30580,64800,86.7396991497711
30600,64800,86.74509803921569
30620,64800,86.75048987589811
30640,64800,86.75261096605745
30660,64800,86.74820613176777
30680,64800,86.7503259452412
30700,64800,86.74267100977198
30720,64800,86.75130208333333
30740,64800,86.74690956408588
30760,64800,86.7555266579974
30780,64800,86.75763482781026
30800,64800,86.76298701298701
30820,64800,86.75535366645036
30840,64800,86.76070038910505
30860,64800,86.76604018146467
30880,64800,86.76813471502591
30900,64800,86.77669902912622
30920,64800,86.77231565329883
30940,64800,86.77440206851972
30960,64800,86.77002583979328
30980,64800,86.765655261459
31000,64800,86.75806451612904
31020,64800,86.75693101225016
31040,64800,86.7590206185567
31060,64800,86.75144880875725
31080,64800,86.75675675675676
31100,64800,86.7652733118971
31120,64800,86.77056555269922
31140,64800,86.75979447655749
31160,64800,86.7586649550706
31180,64800,86.76074406670944
31200,64800,86.76282051282051
31220,64800,86.76489429852658
31240,64800,86.77016645326505
31260,64800,86.76263595649392
31280,64800,86.75831202046035
31300,64800,86.76357827476038
31320,64800,86.75606641123882
31340,64800,86.75175494575622
31360,64800,86.75063775510205
31380,64800,86.74952198852772
31400,64800,86.7484076433121
31420,64800,86.75366008911521
31440,64800,86.7557251908397
31460,64800,86.76096630642085
31480,64800,86.76937738246505
31500,64800,86.76825396825397
31520,64800,86.77030456852792
31540,64800,86.76601141407737
31560,64800,86.7617237008872
31580,64800,86.760607979734
31600,64800,86.75949367088607
31620,64800,86.75205566097407
31640,64800,86.75410872313527
31660,64800,86.7593177511055
31680,64800,86.76452020202021
31700,64800,86.76656151419559
31720,64800,86.76860025220681
31740,64800,86.76118462507877
31760,64800,86.75377833753149
31780,64800,86.7526746381372
31800,64800,86.75471698113208
31820,64800,86.75361407919547
31840,64800,86.75565326633166
31860,64800,86.75768989328311
31880,64800,86.75658720200752
31900,64800,86.75235109717869
31920,64800,86.74812030075188
31940,64800,86.73763306199123
31960,64800,86.7334167709637
31980,64800,86.73233270794246
32000,64800,86.734375
32020,64800,86.73329169269206
32040,64800,86.73533083645444
32060,64800,86.74048658764816
32080,64800,86.7425187032419
32100,64800,86.74143302180686
32120,64800,86.74346201743462
32140,64800,86.74237710018669
32160,64800,86.7412935323383
32180,64800,86.74021131137353
32200,64800,86.74223602484471
32220,64800,86.74736188702668
32240,64800,86.75558312655087
32260,64800,86.7606943583385
32280,64800,86.7627013630731
32300,64800,86.76160990712074
32320,64800,86.76670792079207
32340,64800,86.76252319109462
32360,64800,86.75834363411619
32380,64800,86.75416924027178
32400,64800,86.75617283950618
32420,64800,86.75817396668722
32440,64800,86.7632552404439
32460,64800,86.76833025261861
32480,64800,86.77647783251231
32500,64800,86.77846153846154
32520,64800,86.78044280442805
32540,64800,86.77320221266135
32560,64800,86.77211302211302
32580,64800,86.77716390423572
32600,64800,86.76687116564418
32620,64800,86.76578786020846
32640,64800,86.76164215686275
32660,64800,86.76668707899572
32680,64800,86.7686658506732
32700,64800,86.77064220183486
32720,64800,86.77261613691931
32740,64800,86.77153329260842
32760,64800,86.77350427350427
32780,64800,86.77852348993288
32800,64800,86.77439024390245
32820,64800,86.7702620353443
32840,64800,86.77222898903776
32860,64800,86.77723676202069
32880,64800,86.77919708029196
32900,64800,86.78115501519757
32920,64800,86.77703523693803
32940,64800,86.78506375227687
32960,64800,86.78398058252426
32980,64800,86.77986658580959
33000,64800,86.78181818181818
33020,64800,86.77771047849788
33040,64800,86.77966101694915
33060,64800,86.7816091954023
33080,64800,86.78657799274487
33100,64800,86.78247734138972
33120,64800,86.78442028985508
33140,64800,86.78636089318044
33160,64800,86.78829915560917
33180,64800,86.78722121760096
33200,64800,86.78915662650603
33220,64800,86.78506923540036
33240,64800,86.7870036101083
33260,64800,86.7889356584486
33280,64800,86.7938701923077
33300,64800,86.7897897897898
33320,64800,86.79171668667468
33340,64800,86.7996400719856
33360,64800,86.80755395683454
33380,64800,86.80647094068304
33400,64800,86.80538922155688
33420,64800,86.81029323758229
33440,64800,86.8122009569378
33460,64800,86.80812910938434
33480,64800,86.81003584229391
33500,64800,86.81492537313433
33520,64800,86.80787589498807
33540,64800,86.80679785330948
33560,64800,86.81168057210965
33580,64800,86.8106015485408
33600,64800,86.81547619047619
33620,64800,86.81439619274242
33640,64800,86.81331747919144
33660,64800,86.81818181818181
33680,64800,86.82007125890736
33700,64800,86.8160237388724
33720,64800,86.81494661921708
33740,64800,86.81090693538826
33760,64800,86.81279620853081
33780,64800,86.81468324452338
33800,64800,86.81360946745562
33820,64800,86.81549379065642
33840,64800,86.8114657210402
33860,64800,86.81334908446544
33880,64800,86.81818181818181
33900,64800,86.8259587020649
33920,64800,86.8307783018868
33940,64800,86.8326458456099
33960,64800,86.83745583038869
33980,64800,86.8393172454385
34000,64800,86.83235294117647
34020,64800,86.83127572016461
34040,64800,86.8331374853114
34060,64800,86.8379330593071
34080,64800,86.84565727699531
34100,64800,86.85043988269794
34120,64800,86.85521688159437
34140,64800,86.85413005272407
34160,64800,86.85597189695551
34180,64800,86.85488589818607
34200,64800,86.85964912280701
34220,64800,86.8614845119813
34240,64800,86.86331775700934
34260,64800,86.85931115002919
34280,64800,86.84947491248542
34300,64800,86.84839650145773
34320,64800,86.8444055944056
34340,64800,86.84041933605126
34360,64800,86.84225844004656
34380,64800,86.83827806864456
34400,64800,86.84302325581395
34420,64800,86.8390470656595
34440,64800,86.83507549361208
34460,64800,86.83691236215903
34480,64800,86.84164733178655
34500,64800,86.84927536231883
34520,64800,86.8539976825029
34540,64800,86.85871453387377
34560,64800,86.85763888888889
34580,64800,86.85367264314633
34600,64800,86.85838150289017
34620,64800,86.86019641825534
34640,64800,86.86778290993071
34660,64800,86.86093479515291
34680,64800,86.8598615916955
34700,64800,86.86455331412104
34720,64800,86.86635944700461
34740,64800,86.87392055267703
34760,64800,86.87571921749137
34780,64800,86.87751581368603
34800,64800,86.8735632183908
34820,64800,86.87823090178058
34840,64800,86.87715269804822
34860,64800,86.88181296615032
34880,64800,86.88646788990826
34900,64800,86.88538681948424
34920,64800,86.88430698739977
34940,64800,86.88609044075558
34960,64800,86.89073226544622
34980,64800,86.88679245283019
35000,64800,86.89142857142858
35020,64800,86.89891490576814
35040,64800,86.90068493150685
35060,64800,86.90245293782088
35080,64800,86.89851767388825
35100,64800,86.88888888888889
35120,64800,86.8878132118451
35140,64800,86.88389299943084
35160,64800,86.88282138794084
35180,64800,86.88743604320636
35200,64800,86.88352272727273
35220,64800,86.87961385576376
35240,64800,86.87854710556186
35260,64800,86.88031764038571
35280,64800,86.88775510204081
35300,64800,86.88385269121812
35320,64800,86.8827859569649
35340,64800,86.87889077532542
35360,64800,86.88065610859728
35380,64800,86.8824194460147
35400,64800,86.88418079096046
35420,64800,86.88594014680972
35440,64800,86.88487584650113
35460,64800,86.88663282571912
35480,64800,86.88275084554678
35500,64800,86.88450704225352
35520,64800,86.88907657657657
35540,64800,86.89645469893078
35560,64800,86.89538807649043
35580,64800,86.8858909499719
35600,64800,86.89044943820225
35620,64800,86.89219539584504
35640,64800,86.89113355780023
35660,64800,86.89287717330342
35680,64800,86.89181614349776
35700,64800,86.89635854341736
35720,64800,86.89809630459126
35740,64800,86.89423614997202
35760,64800,86.89876957494407
35780,64800,86.9005030743432
35800,64800,86.89944134078212
35820,64800,86.90396426577331
35840,64800,86.90569196428571
35860,64800,86.89905186837701
35880,64800,86.90078037904125
35900,64800,86.89972144846797
35920,64800,86.90144766146993
35940,64800,86.90038953811909
35960,64800,86.89655172413794
35980,64800,86.89549749861034
36000,64800,86.87777777777778
36020,64800,86.88228761799
36040,64800,86.87569367369589
36060,64800,86.87188019966722
36080,64800,86.87361419068736
36100,64800,86.87534626038781
36120,64800,86.87707641196013
36140,64800,86.87603763143332
36160,64800,86.86946902654867
36180,64800,86.8767274737424
36200,64800,86.87845303867404
36220,64800,86.86913307564882
36240,64800,86.87637969094922
36260,64800,86.88086045228903
36280,64800,86.88809261300992
36300,64800,86.88429752066116
36320,64800,86.88325991189427
36340,64800,86.88772702256466
36360,64800,86.88943894389439
36380,64800,86.89114898295767
36400,64800,86.8956043956044
36420,64800,86.89456342668863
36440,64800,86.89626783754116
36460,64800,86.90071311025781
36480,64800,86.8969298245614
36500,64800,86.89041095890411
36520,64800,86.88663745892661
36540,64800,86.88286808976464
36560,64800,86.88457330415756
36580,64800,86.88354291962821
36600,64800,86.87704918032787
36620,64800,86.88148552703441
36640,64800,86.87772925764192
36660,64800,86.8848881614839
36680,64800,86.8784078516903
36700,64800,86.88010899182561
36720,64800,86.8818082788671
36740,64800,86.88350571584104
36760,64800,86.88248095756256
36780,64800,86.87601957585645
36800,64800,86.86684782608695
36820,64800,86.86583378598587
36840,64800,86.86482084690553
36860,64800,86.86380900705372
36880,64800,86.86550976138828
36900,64800,86.86720867208672
36920,64800,86.86890574214517
36940,64800,86.8651867893882
36960,64800,86.8641774891775
36980,64800,86.86316928069226
37000,64800,86.86216216216216
37020,64800,86.85845488924906
37040,64800,86.86285097192224
37060,64800,86.86724230976795
37080,64800,86.86623516720604
37100,64800,86.86522911051213
37120,64800,86.86961206896552
37140,64800,86.87129779213785
37160,64800,86.8702906350915
37180,64800,86.87197417966648
37200,64800,86.8763440860215
37220,64800,86.88070929607738
37240,64800,86.88238453276047
37260,64800,86.8894256575416
37280,64800,86.88841201716738
37300,64800,86.88471849865952
37320,64800,86.88638799571275
37340,64800,86.88537761114087
37360,64800,86.8923982869379
37380,64800,86.89406099518459
37400,64800,86.89304812834224
37420,64800,86.89470871191877
37440,64800,86.89636752136752
37460,64800,86.9006940736786
37480,64800,86.89701173959445
37500,64800,86.89333333333333
37520,64800,86.89232409381663
37540,64800,86.88066062866275
37560,64800,86.8849840255591
37580,64800,86.88930282064928
37600,64800,86.88563829787235
37620,64800,86.88995215311004
37640,64800,86.89160467587672
37660,64800,86.89591078066914
37680,64800,86.89225053078556
37700,64800,86.89124668435014
37720,64800,86.89554612937434
37740,64800,86.89454160042395
37760,64800,86.89883474576271
37780,64800,86.90047644256221
37800,64800,86.8994708994709
37820,64800,86.89846641988366
37840,64800,86.90010570824525
37860,64800,86.89646064447966
37880,64800,86.89545934530095
37900,64800,86.9023746701847
37920,64800,86.89873417721519
37940,64800,86.89246178176067
37960,64800,86.89673340358272
37980,64800,86.89573459715639
38000,64800,86.9
38020,64800,86.89900052603893
38040,64800,86.89800210304942
38060,64800,86.89437729900158
38080,64800,86.89600840336135
38100,64800,86.9028871391076
38120,64800,86.89926547743967
38140,64800,86.90089145254326
38160,64800,86.90251572327044
38180,64800,86.90937663698271
38200,64800,86.90575916230367
38220,64800,86.90737833594976
38240,64800,86.90376569037657
38260,64800,86.90538421327757
38280,64800,86.90438871473354
38300,64800,86.90078328981723
38320,64800,86.90501043841336
38340,64800,86.90140845070422
38360,64800,86.90302398331595
38380,64800,86.90724335591455
38400,64800,86.90364583333333
38420,64800,86.9104633003644
38440,64800,86.90946930280957
38460,64800,86.91367654706188
38480,64800,86.91268191268192
38500,64800,86.91428571428571
38520,64800,86.91069574247145
38540,64800,86.90451478982875
38560,64800,86.90871369294605
38580,64800,86.90772420943495
38600,64800,86.9119170984456
38620,64800,86.91610564474365
38640,64800,86.9228778467909
38660,64800,86.92446973616141
38680,64800,86.93123061013443
38700,64800,86.93023255813954
38720,64800,86.92923553719008
38740,64800,86.92565823438306
38760,64800,86.9298245614035
38780,64800,86.93140794223827
38800,64800,86.93298969072166
38820,64800,86.93972179289027
38840,64800,86.94129763130793
38860,64800,86.94287184765827
38880,64800,86.94701646090535
38900,64800,86.95115681233933
38920,64800,86.95015416238438
38940,64800,86.95172059578839
38960,64800,86.95328542094455
38980,64800,86.9522832221652
39000,64800,86.95641025641025
39020,64800,86.95797027165555
39040,64800,86.95952868852459
39060,64800,86.96108550947261
39080,64800,86.967758444217
39100,64800,86.9693094629156
39120,64800,86.97341513292433
39140,64800,86.97496167603475
39160,64800,86.97906026557712
39180,64800,86.98315467075038
39200,64800,86.98724489795919
39220,64800,86.98878123406425
39240,64800,86.98776758409785
39260,64800,86.984207845135
39280,64800,86.9857433808554
39300,64800,86.98727735368956
39320,64800,86.98880976602238
39340,64800,86.98525673614641
39360,64800,86.98678861788618
39380,64800,86.98831894362621
39400,64800,86.9771573604061
39420,64800,86.96854388635211
39440,64800,86.96247464503043
39460,64800,86.96908261530663
39480,64800,86.97315096251266
39500,64800,86.97721518987342
39520,64800,86.98127530364373
39540,64800,86.98533131006576
39560,64800,86.98179979777554
39580,64800,86.97574532592218
39600,64800,86.97222222222223
39620,64800,86.97122665320545
39640,64800,86.96770938446014
39660,64800,86.96923852748361
39680,64800,86.97328629032258
39700,64800,86.97481108312343
39720,64800,86.97885196374622
39740,64800,86.97785606441872
39760,64800,86.97183098591549
39780,64800,86.97335344394168
39800,64800,86.9748743718593
39820,64800,86.97890507282773
39840,64800,86.9754016064257
39860,64800,86.97441043652785
39880,64800,86.97342026078235
39900,64800,86.97744360902256
39920,64800,86.97895791583166
39940,64800,86.97295943915874
39960,64800,86.96946946946947
39980,64800,86.96848424212106
40000,64800,86.9675
40020,64800,86.95652173913044
40040,64800,86.96303696303697
40060,64800,86.95956065901149
40080,64800,86.95858283433134
40100,64800,86.95511221945137
40120,64800,86.95663010967098
40140,64800,86.95565520677629
40160,64800,86.9621513944223
40180,64800,86.95868591338974
40200,64800,86.96517412935323
40220,64800,86.9617105917454
40240,64800,86.96322067594433
40260,64800,86.96472925981122
40280,64800,86.96623634558094
40300,64800,86.96774193548387
40320,64800,86.96428571428571
40340,64800,86.96331184928111
40360,64800,86.95986124876114
40380,64800,86.9638434868747
40400,64800,86.95792079207921
40420,64800,86.95695200395843
40440,64800,86.95598417408506
40460,64800,86.95996045477014
40480,64800,86.96146245059289
40500,64800,86.95802469135802
40520,64800,86.95952615992103
40540,64800,86.9585594474593
40560,64800,86.96252465483235
40580,64800,86.96402168555939
40600,64800,86.9679802955665
40620,64800,86.9670113244707
40640,64800,86.96358267716535
40660,64800,86.96999508116085
40680,64800,86.97394296951819
40700,64800,86.97788697788698
40720,64800,86.97200392927309
40740,64800,86.96367206676484
40760,64800,86.96025515210991
40780,64800,86.96174595389897
40800,64800,86.96323529411765
40820,64800,86.9671729544341
40840,64800,86.97110675808031
40860,64800,86.97503671071954
40880,64800,86.97407045009784
40900,64800,86.97555012224939
40920,64800,86.96480938416423
40940,64800,86.96629213483146
40960,64800,86.97021484375
40980,64800,86.9741337237677
41000,64800,86.96829268292683
41020,64800,86.96977084349098
41040,64800,86.97368421052632
41060,64800,86.96541646371165
41080,64800,86.96932814021422
41100,64800,86.97080291970804
41120,64800,86.96984435797665
41140,64800,86.96645600388916
41160,64800,86.96307094266278
41180,64800,86.9669742593492
41200,64800,86.96601941747574
41220,64800,86.96991751576904
41240,64800,86.96896217264792
41260,64800,86.97043141056713
41280,64800,86.96947674418605
41300,64800,86.9685230024213
41320,64800,86.9675701839303
41340,64800,86.96903725205613
41360,64800,86.96808510638297
41380,64800,86.9598840019333
41400,64800,86.96618357487922
41420,64800,86.97247706422019
41440,64800,86.97635135135135
41460,64800,86.97298601061264
41480,64800,86.97444551591128
41500,64800,86.98072289156626
41520,64800,86.98217726396918
41540,64800,86.98844487241213
41560,64800,86.99230028873917
41580,64800,86.991341991342
41600,64800,86.99278846153847
41620,64800,86.99663623258049
41640,64800,87.00048030739673
41660,64800,86.99711953912626
41680,64800,87.00095969289828
41700,64800,87.0
41720,64800,87.00143815915628
41740,64800,87.00766650694777
41760,64800,87.00670498084291
41780,64800,87.00574437529919
41800,64800,87.00717703349282
41820,64800,87.00860832137734
41840,64800,87.01242829827916
41860,64800,87.01624462494027
41880,64800,87.02005730659026
41900,64800,87.02386634844869
41920,64800,87.01812977099236
41940,64800,87.02193609918932
41960,64800,87.02335557673975
41980,64800,87.0271557884707
42000,64800,87.02857142857142
42020,64800,87.03236554021895
42040,64800,87.0290199809705
42060,64800,87.02567760342367
42080,64800,87.02471482889734
42100,64800,87.02850356294537
42120,64800,87.03228869895537
42140,64800,87.0265780730897
42160,64800,87.02087286527514
42180,64800,87.02228544333808
42200,64800,87.02132701421802
42220,64800,87.02273803884415
42240,64800,87.02414772727273
42260,64800,87.02082347373403
42280,64800,87.02696310312204
42300,64800,87.03073286052009
42320,64800,87.03449905482042
42340,64800,87.03589985829004
42360,64800,87.03729933899906
42380,64800,87.0434167059934
42400,64800,87.04245283018868
42420,64800,87.04384724186704
42440,64800,87.04524033930254
42460,64800,87.0489872821479
42480,64800,87.05037664783427
42500,64800,87.04705882352941
42520,64800,87.04374412041392
42540,64800,87.04278326281147
42560,64800,87.04182330827068
42580,64800,87.04086425551903
42600,64800,87.04460093896714
42620,64800,87.04129516658845
42640,64800,87.04033771106941
42660,64800,87.04172526957338
42680,64800,87.04545454545455
42700,64800,87.04918032786885
42720,64800,87.04822097378278
42740,64800,87.04492278895648
42760,64800,87.04396632366698
42780,64800,87.04301075268818
42800,64800,87.04439252336448
42820,64800,87.04343764595983
42840,64800,87.04715219421102
42860,64800,87.04853009799346
42880,64800,87.04990671641791
42900,64800,87.05594405594405
42920,64800,87.05498602050326
42940,64800,87.05635770843037
42960,64800,87.06005586592178
42980,64800,87.05677059097255
43000,64800,87.05581395348837
43020,64800,87.05253370525337
43040,64800,87.04925650557621
43060,64800,87.04598235020902
43080,64800,87.05199628597957
43100,64800,87.05104408352668
43120,64800,87.05009276437848
43140,64800,87.04218822438573
43160,64800,87.03892493049119
43180,64800,87.04261232051876
43200,64800,87.04398148148148
43220,64800,87.04072188801482
43240,64800,87.04209065679926
43260,64800,87.04114655570966
43280,64800,87.04482439926063
43300,64800,87.04849884526558
43320,64800,87.05447830101569
43340,64800,87.05353022611907
43360,64800,87.05488929889299
43380,64800,87.04702627939143
43400,64800,87.05069124423963
43420,64800,87.05204974666053
43440,64800,87.05340699815838
43460,64800,87.05706396686608
43480,64800,87.05611775528979
43500,64800,87.05977011494252
43520,64800,87.05882352941177
43540,64800,87.06017455213596
43560,64800,87.05004591368228
43580,64800,87.05139972464433
43600,64800,87.04816513761467
43620,64800,87.04493351673544
43640,64800,87.04857928505957
43660,64800,87.0430600091617
43680,64800,87.03983516483517
43700,64800,87.03890160183066
43720,64800,87.04254345837145
43740,64800,87.04389574759945
43760,64800,87.04296160877514
43780,64800,87.04431247144815
43800,64800,87.04109589041096
43820,64800,87.04472843450479
43840,64800,87.04835766423358
43860,64800,87.04970360237118
43880,64800,87.05332725615314
43900,64800,87.05694760820046
43920,64800,87.06284153005464
43940,64800,87.05735093309058
43960,64800,87.05641492265696
43980,64800,87.05775352432924
44000,64800,87.04772727272727
44020,64800,87.03998182644253
44040,64800,87.04586739327884
44060,64800,87.04493871992737
44080,64800,87.0508166969147
44100,64800,87.05215419501134
44120,64800,87.04895738893926
44140,64800,87.0502945174445
44160,64800,87.05389492753623
44180,64800,87.05522861023087
44200,64800,87.05203619909503
44220,64800,87.05336951605608
44240,64800,87.05470162748644
44260,64800,87.05603253502034
44280,64800,87.05962059620596
44300,64800,87.05417607223477
44320,64800,87.05324909747293
44340,64800,87.05232295895354
44360,64800,87.05816050495942
44380,64800,87.05948625506986
44400,64800,87.05630630630631
44420,64800,87.05312922107159
44440,64800,87.04995499549955
44460,64800,87.04903283850652
44480,64800,87.04361510791367
44500,64800,87.04269662921348
44520,64800,87.03953279424978
44540,64800,87.03861697350696
44560,64800,87.04219030520646
44580,64800,87.0457604306864
44600,64800,87.04484304932735
44620,64800,87.04168534289556
44640,64800,87.03853046594982
44660,64800,87.04209583519928
44680,64800,87.04118173679498
44700,64800,87.03803131991052
44720,64800,87.04159212880143
44740,64800,87.04291461779168
44760,64800,87.0420017873101
44780,64800,87.04332291201429
44800,64800,87.04464285714286
44820,64800,87.0504239178938
44840,64800,87.05396966993756
44860,64800,87.05528310298708
44880,64800,87.05882352941177
44900,64800,87.05790645879733
44920,64800,87.06144256455921
44940,64800,87.06720071206053
44960,64800,87.0685053380783
44980,64800,87.07203201422854
45000,64800,87.07333333333334
45020,64800,87.07241226121724
45040,64800,87.07371225577265
45060,64800,87.07723035952064
45080,64800,87.0829636202307
45100,64800,87.08425720620842
45120,64800,87.08333333333333
45140,64800,87.07797961896323
45160,64800,87.07705934455271
45180,64800,87.08056662239929
45200,64800,87.08407079646018
45220,64800,87.08536045997346
45240,64800,87.0866489832007
45260,64800,87.08572691117985
45280,64800,87.09143109540636
45300,64800,87.09271523178808
45320,64800,87.0873786407767
45340,64800,87.08204675782973
45360,64800,87.08112874779542
45380,64800,87.08241516086382
45400,64800,87.08149779735683
45420,64800,87.08058124174373
45440,64800,87.07966549295774
45460,64800,87.07435107787066
45480,64800,87.06904133685137
45500,64800,87.06593406593407
45520,64800,87.07161687170475
45540,64800,87.07509881422925
45560,64800,87.07418788410887
45580,64800,87.0776656428258
45600,64800,87.07894736842105
45620,64800,87.08022797018852
45640,64800,87.07712532865906
45660,64800,87.08059570740254
45680,64800,87.08187390542908
45700,64800,87.07658643326039
45720,64800,87.07567804024497
45740,64800,87.08132925229559
45760,64800,87.08479020979021
45780,64800,87.08169506334644
45800,64800,87.08078602620087
45820,64800,87.0842426887822
45840,64800,87.08551483420594
45860,64800,87.0911469690362
45880,64800,87.08587619877943
45900,64800,87.0871459694989
45920,64800,87.0862369337979
45940,64800,87.08315193730954
45960,64800,87.08659704090513
45980,64800,87.09003914745541
46000,64800,87.08478260869565
46020,64800,87.090395480226
46040,64800,87.08948740225891
46060,64800,87.09292227529309
46080,64800,87.09635416666667
46100,64800,87.09544468546638
46120,64800,87.09887250650478
46140,64800,87.09362808842653
46160,64800,87.09272097053726
46180,64800,87.0983109571243
46200,64800,87.1017316017316
46220,64800,87.10298572046733
46240,64800,87.10640138408304
46260,64800,87.1054907047125
46280,64800,87.10458081244597
46300,64800,87.1036717062635
46320,64800,87.10708117443869
46340,64800,87.10617177384549
46360,64800,87.10526315789474
46380,64800,87.10651142733937
46400,64800,87.10991379310344
46420,64800,87.1111589831969
46440,64800,87.10809646856158
46460,64800,87.10718897976754
46480,64800,87.1105851979346
46500,64800,87.10752688172043
46520,64800,87.10877042132417
46540,64800,87.1100128921358
46560,64800,87.11125429553265
46580,64800,87.11034778875053
46600,64800,87.10729613733906
46620,64800,87.1106821106821
46640,64800,87.10334476843911
46660,64800,87.10458636948135
46680,64800,87.10154241645245
46700,64800,87.10064239828694
46720,64800,87.10188356164383
46740,64800,87.10098416773641
46760,64800,87.10222412318221
46780,64800,87.10346301838392
46800,64800,87.10042735042735
46820,64800,87.0931225971807
46840,64800,87.09436379163108
46860,64800,87.09560392658985
46880,64800,87.09684300341297
46900,64800,87.10021321961621
46920,64800,87.10571184995737
46940,64800,87.10694503621644
46960,64800,87.10178875638842
46980,64800,87.09876543209876
47000,64800,87.09787234042552
47020,64800,87.09698000850702
47040,64800,87.10034013605443
47060,64800,87.10157246068849
47080,64800,87.10492778249788
47100,64800,87.1104033970276
47120,64800,87.1116298811545
47140,64800,87.1086126431905
47160,64800,87.1119592875318
47180,64800,87.1110640101738
47200,64800,87.11016949152543
47220,64800,87.1135112240576
47240,64800,87.11896697713802
47260,64800,87.120186203978
47280,64800,87.11928934010152
47300,64800,87.1247357293869
47320,64800,87.12806424344886
47340,64800,87.12927756653993
47360,64800,87.1241554054054
47380,64800,87.12747994934571
47400,64800,87.12869198312237
47420,64800,87.1235765499789
47440,64800,87.11846543001687
47460,64800,87.1196797302992
47480,64800,87.12510530749789
47500,64800,87.12842105263158
47520,64800,87.12752525252525
47540,64800,87.13294068153134
47560,64800,87.13414634146342
47580,64800,87.13535098781
47600,64800,87.13025210084034
47620,64800,87.12515749685006
47640,64800,87.12426532325776
47660,64800,87.12757028955099
47680,64800,87.12877516778524
47700,64800,87.13207547169812
47720,64800,87.13327745180219
47740,64800,87.13657310431503
47760,64800,87.12730318257957
47780,64800,87.1326915027208
47800,64800,87.13179916317992
47820,64800,87.13508992053534
47840,64800,87.13419732441471
47860,64800,87.13330547430004
47880,64800,87.13241436925648
47900,64800,87.13361169102296
47920,64800,87.12854757929883
47940,64800,87.13183145598666
47960,64800,87.1351125938282
47980,64800,87.13839099624843
48000,64800,87.1375
48020,64800,87.1366097459392
48040,64800,87.13780183180683
48060,64800,87.13483146067416
48080,64800,87.12770382695507
48100,64800,87.12474012474013
48120,64800,87.11970074812967
48140,64800,87.11674283340258
48160,64800,87.11586378737542
48180,64800,87.11498547114985
48200,64800,87.11410788381743
48220,64800,87.11945250933223
48240,64800,87.11857379767828
48260,64800,87.11976792374638
48280,64800,87.11681855840928
48300,64800,87.11801242236025
48320,64800,87.12127483443709
48340,64800,87.12660322714109
48360,64800,87.12779156327544
48380,64800,87.13104588673005
48400,64800,87.13223140495867
48420,64800,87.13754646840148
48440,64800,87.13872832369943
48460,64800,87.13990920346677
48480,64800,87.13902640264027
48500,64800,87.14226804123712
48520,64800,87.13932399010717
48540,64800,87.14050267820355
48560,64800,87.14168039538716
48580,64800,87.14697406340058
48600,64800,87.14609053497942
48620,64800,87.14520773344303
48640,64800,87.14638157894737
48660,64800,87.14960953555281
48680,64800,87.14667214461791
48700,64800,87.14373716632444
48720,64800,87.13669950738917
48740,64800,87.13992613869512
48760,64800,87.14315012305168
48780,64800,87.14022140221402
48800,64800,87.14549180327869
48820,64800,87.14051618189266
48840,64800,87.14168714168714
48860,64800,87.13876381498159
48880,64800,87.13788870703765
48900,64800,87.12678936605317
48920,64800,87.12796402289452
48940,64800,87.12913771965673
48960,64800,87.12622549019608
48980,64800,87.1294405879951
49000,64800,87.12448979591836
49020,64800,87.12158302733579
49040,64800,87.11867862969005
49060,64800,87.11373827965757
49080,64800,87.11695191524042
49100,64800,87.10997963340122
49120,64800,87.11115635179154
49140,64800,87.11029711029711
49160,64800,87.11147274206672
49180,64800,87.11061407076048
49200,64800,87.11382113821138
49220,64800,87.11296221048354
49240,64800,87.11007311129163
49260,64800,87.10921640276086
49280,64800,87.1103896103896
49300,64800,87.10750507099391
49320,64800,87.10867802108677
49340,64800,87.1057965139846
49360,64800,87.10696920583469
49380,64800,87.106115836371
49400,64800,87.10728744939271
49420,64800,87.11048158640227
49440,64800,87.10962783171522
49460,64800,87.1107966033158
49480,64800,87.10994341147939
49500,64800,87.11313131313132
49520,64800,87.11631663974151
49540,64800,87.11748082357691
49560,64800,87.1226795803067
49580,64800,87.11980637353771
49600,64800,87.12298387096774
49620,64800,87.12212817412333
49640,64800,87.12530217566479
49660,64800,87.12847362062021
49680,64800,87.12962962962963
49700,64800,87.12474849094568
49720,64800,87.12389380530973
49740,64800,87.12303980699639
49760,64800,87.12218649517685
49780,64800,87.12535154680594
49800,64800,87.1285140562249
49820,64800,87.13167402649539
49840,64800,87.13483146067416
49860,64800,87.12996389891697
49880,64800,87.1271050521251
49900,64800,87.12825651302605
49920,64800,87.12940705128206
49940,64800,87.1305566680016
49960,64800,87.12770216172939
49980,64800,87.12685074029612
50000,64800,87.13
50020,64800,87.12714914034386
50040,64800,87.12230215827338
50060,64800,87.12145425489413
50080,64800,87.12659744408946
50100,64800,87.12574850299401
50120,64800,87.1268954509178
50140,64800,87.12604706820902
50160,64800,87.12519936204147
50180,64800,87.12634515743324
50200,64800,87.12350597609561
50220,64800,87.12664277180406
50240,64800,87.12579617834395
50260,64800,87.12097095105452
50280,64800,87.12211614956244
50300,64800,87.12524850894633
50320,64800,87.12837837837837
50340,64800,87.129519268971
50360,64800,87.12668784749802
50380,64800,87.12782850337436
50400,64800,87.125
50420,64800,87.12812376041254
50440,64800,87.13124504361618
50460,64800,87.1363456202933
50480,64800,87.13351822503962
50500,64800,87.13663366336634
50520,64800,87.13578780680919
50540,64800,87.13098535813218
50560,64800,87.13212025316456
50580,64800,87.13325425069198
50600,64800,87.13241106719367
50620,64800,87.1335440537337
50640,64800,87.12875197472354
50660,64800,87.12791156731149
50680,64800,87.13299131807419
50700,64800,87.12820512820512
50720,64800,87.12736593059937
50740,64800,87.13243988963343
50760,64800,87.13356973995272
50780,64800,87.1327294210319
50800,64800,87.13582677165354
50820,64800,87.13301849665486
50840,64800,87.13021243115656
50860,64800,87.13134093590247
50880,64800,87.12853773584905
50900,64800,87.12770137524558
50920,64800,87.12882953652789
50940,64800,87.1319199057715
50960,64800,87.13304552590267
50980,64800,87.13417026284817
51000,64800,87.13333333333334
51020,64800,87.12661701293611
51040,64800,87.12186520376176
51060,64800,87.11711711711712
51080,64800,87.12020360219265
51100,64800,87.1174168297456
51120,64800,87.11267605633803
51140,64800,87.11576065701995
51160,64800,87.11884284597342
51180,64800,87.1199687377882
51200,64800,87.123046875
51220,64800,87.12612260835611
51240,64800,87.12334113973458
51260,64800,87.12641435817402
51280,64800,87.12753510140405
51300,64800,87.13255360623782
51320,64800,87.13561964146531
51340,64800,87.13868328788469
51360,64800,87.14174454828661
51380,64800,87.14674970805761
51400,64800,87.14980544747081
51420,64800,87.14896927265656
51440,64800,87.15007776049767
51460,64800,87.15312864360668
51480,64800,87.15229215229215
51500,64800,87.14951456310679
51520,64800,87.1486801242236
51540,64800,87.14978657353512
51560,64800,87.14701318851823
51580,64800,87.14424195424583
51600,64800,87.14147286821705
51620,64800,87.14258039519567
51640,64800,87.14562354763748
51660,64800,87.14479287650019
51680,64800,87.14202786377709
51700,64800,87.13733075435204
51720,64800,87.14037122969837
51740,64800,87.14147661383842
51760,64800,87.14258114374034
51780,64800,87.1398223252221
51800,64800,87.14285714285714
51820,64800,87.14203010420687
51840,64800,87.14313271604938
51860,64800,87.14037794060933
51880,64800,87.14340786430223
51900,64800,87.13872832369943
51920,64800,87.13790446841294
51940,64800,87.14093184443588
51960,64800,87.14203233256352
51980,64800,87.13928434013081
52000,64800,87.14038461538462
52020,64800,87.1357170319108
52040,64800,87.13873943120676
52060,64800,87.1417595082597
52080,64800,87.14093701996927
52100,64800,87.14395393474088
52120,64800,87.14504988488105
52140,64800,87.14230916762563
52160,64800,87.14340490797547
52180,64800,87.14833269451897
52200,64800,87.15325670498085
52220,64800,87.15243201838376
52240,64800,87.15543644716692
52260,64800,87.15652506697283
52280,64800,87.15378729915838
52300,64800,87.1586998087954
52320,64800,87.16169724770643
52340,64800,87.16278181123424
52360,64800,87.16386554621849
52380,64800,87.16876670484918
52400,64800,87.16984732824427
52420,64800,87.17283479587944
52440,64800,87.17009916094584
52460,64800,87.17308425467023
52480,64800,87.17225609756098
52500,64800,87.17142857142858
52520,64800,87.17440974866717
52540,64800,87.1716787209745
52560,64800,87.17465753424658
52580,64800,87.17573221757323
52600,64800,87.17110266159696
52620,64800,87.16837704294944
52640,64800,87.169452887538
52660,64800,87.1686289403722
52680,64800,87.17160212604404
52700,64800,87.16508538899431
52720,64800,87.16426403641881
52740,64800,87.16154721274175
52760,64800,87.16451857467779
52780,64800,87.15611974232664
52800,64800,87.1534090909091
52820,64800,87.15638015903068
52840,64800,87.16124148372445
52860,64800,87.16231555051078
52880,64800,87.16527987897126
52900,64800,87.16635160680529
52920,64800,87.1636432350718
52940,64800,87.16849263316962
52960,64800,87.16767371601209
52980,64800,87.1687429218573
53000,64800,87.16792452830188
53020,64800,87.16333459072048
53040,64800,87.1606334841629
53060,64800,87.15416509611761
53080,64800,87.15146948003014
53100,64800,87.15065913370998
53120,64800,87.15173192771084
53140,64800,87.15280391418894
53160,64800,87.15199398043642
53180,64800,87.15682587438887
53200,64800,87.15789473684211
53220,64800,87.15144682450207
53240,64800,87.14312546957176
53260,64800,87.13856552760045
53280,64800,87.13588588588588
53300,64800,87.13508442776735
53320,64800,87.13615903975995
53340,64800,87.14098237720285
53360,64800,87.14205397301349
53380,64800,87.13937804421131
53400,64800,87.13857677902622
53420,64800,87.13964807188319
53440,64800,87.14071856287426
53460,64800,87.14365881032548
53480,64800,87.14098728496634
53500,64800,87.13644859813084
53520,64800,87.13751868460389
53540,64800,87.13485244676878
53560,64800,87.12658700522778
53580,64800,87.12765957446808
53600,64800,87.1268656716418
53620,64800,87.1260723610593
53640,64800,87.12714392244594
53660,64800,87.12821468505405
53680,64800,87.1274217585693
53700,64800,87.12476722532588
53720,64800,87.12211466865227
53740,64800,87.12318570896912
53760,64800,87.12239583333333
53780,64800,87.12532539977687
53800,64800,87.12267657992565
53820,64800,87.123745819398
53840,64800,87.12295690936106
53860,64800,87.12588191607873
53880,64800,87.12694877505568
53900,64800,87.12615955473099
53920,64800,87.12722551928783
53940,64800,87.1264367816092
53960,64800,87.12935507783543
53980,64800,87.13412374953687
54000,64800,87.13333333333334
54020,64800,87.13254350240652
54040,64800,87.1299037749815
54060,64800,87.13281539030707
54080,64800,87.13387573964496
54100,64800,87.12939001848429
54120,64800,87.12860310421286
54140,64800,87.12781677133358
54160,64800,87.13072378138848
54180,64800,87.13362864525655
54200,64800,87.13468634686348
54220,64800,87.13943194393212
54240,64800,87.1386430678466
54260,64800,87.13416881680796
54280,64800,87.1370670596905
54300,64800,87.13812154696133
54320,64800,87.14101620029454
54340,64800,87.14206845785793
54360,64800,87.14495952906549
54380,64800,87.14968738506803
54400,64800,87.15073529411765
54420,64800,87.15545755237045
54440,64800,87.1565025716385
54460,64800,87.16121924348145
54480,64800,87.16042584434655
54500,64800,87.1559633027523
54520,64800,87.15333822450476
54540,64800,87.15438210487716
54560,64800,87.15359237536657
54580,64800,87.1528032246244
54600,64800,87.15201465201466
54620,64800,87.14939582570487
54640,64800,87.15043923865301
54660,64800,87.15331137943652
54680,64800,87.1525237746891
54700,64800,87.14625228519196
54720,64800,87.14912280701755
54740,64800,87.15016441359153
54760,64800,87.15303140978817
54780,64800,87.15589631252281
54800,64800,87.15693430656934
54820,64800,87.15979569500182
54840,64800,87.16083150984683
54860,64800,87.15822092599343
54880,64800,87.15743440233236
54900,64800,87.1584699453552
54920,64800,87.15768390386016
54940,64800,87.15507826720058
54960,64800,87.15793304221252
54980,64800,87.15351036740633
55000,64800,87.15272727272728
55020,64800,87.15376226826608
55040,64800,87.15661337209302
55060,64800,87.15946240464947
55080,64800,87.1604938271605
55100,64800,87.16152450090745
55120,64800,87.16255442670537
55140,64800,87.16177003989844
55160,64800,87.16098622189993
55180,64800,87.16020297209134
55200,64800,87.15942028985508
55220,64800,87.16044911264035
55240,64800,87.16147719044172
55260,64800,87.15888526963445
55280,64800,87.15991316931982
55300,64800,87.1609403254973
55320,64800,87.16015907447577
55340,64800,87.16118539934948
55360,64800,87.15859826589596
55380,64800,87.15601300108342
55400,64800,87.15523465703971
55420,64800,87.15445687477445
55440,64800,87.14285714285714
55460,64800,87.14208438514244
55480,64800,87.14311463590484
55500,64800,87.13693693693693
55520,64800,87.14157060518733
55540,64800,87.14440043212099
55560,64800,87.14722822174227
55580,64800,87.14465635120547
55600,64800,87.14928057553956
55620,64800,87.15030564545128
55640,64800,87.14593817397555
55660,64800,87.14516708587855
55680,64800,87.14439655172414
55700,64800,87.14003590664272
55720,64800,87.13747307968414
55740,64800,87.13850017940437
55760,64800,87.13952654232425
55780,64800,87.13875941197561
55800,64800,87.13620071684588
55820,64800,87.13722680042996
55840,64800,87.14004297994269
55860,64800,87.13927676333691
55880,64800,87.14030064423766
55900,64800,87.13953488372093
55920,64800,87.14234620886981
55940,64800,87.13979263496603
55960,64800,87.14260185847034
55980,64800,87.14005001786353
56000,64800,87.14285714285714
56020,64800,87.14744734023563
56040,64800,87.14668094218415
56060,64800,87.14591509097396
56080,64800,87.14336661911555
56100,64800,87.14795008912655
56120,64800,87.14896650035638
56140,64800,87.14820092625578
56160,64800,87.14921652421653
56180,64800,87.14845140619437
56200,64800,87.14768683274022
56220,64800,87.14336535040911
56240,64800,87.1443812233286
56260,64800,87.14006398862425
56280,64800,87.13930348258707
56300,64800,87.14209591474246
56320,64800,87.14311079545455
56340,64800,87.14412495562655
56360,64800,87.14158977998581
56380,64800,87.14260376019865
56400,64800,87.13829787234043
56420,64800,87.14108472172988
56440,64800,87.13855421686748
56460,64800,87.1413390010627
56480,64800,87.14058073654391
56500,64800,87.13805309734514
56520,64800,87.14260438782732
56540,64800,87.14184648036787
56560,64800,87.13755304101839
56580,64800,87.14033227288795
56600,64800,87.14134275618375
56620,64800,87.14235252560933
56640,64800,87.14512711864407
56660,64800,87.14966466643135
56680,64800,87.15067043048694
56700,64800,87.15343915343915
56720,64800,87.15796897038082
56740,64800,87.16249559393725
56760,64800,87.16525722339676
56780,64800,87.16801690736175
56800,64800,87.16549295774648
56820,64800,87.16473072861669
56840,64800,87.16572836030964
56860,64800,87.1596904678157
56880,64800,87.16068917018283
56900,64800,87.15641476274165
56920,64800,87.15565706254392
56940,64800,87.16016859852476
56960,64800,87.16467696629213
56980,64800,87.16391716391716
57000,64800,87.16842105263157
57020,64800,87.16941424061733
57040,64800,87.16690042075736
57060,64800,87.1713985278654
57080,64800,87.17414155571129
57100,64800,87.17513134851139
57120,64800,87.17612044817928
57140,64800,87.17360868043401
57160,64800,87.17459762071378
57180,64800,87.17383700594614
57200,64800,87.17132867132867
57220,64800,87.17231737154842
57240,64800,87.17330538085255
57260,64800,87.1760391198044
57280,64800,87.17353351955308
57300,64800,87.17452006980803
57320,64800,87.17376133984648
57340,64800,87.1712591559121
57360,64800,87.17398884239888
57380,64800,87.17323109097246
57400,64800,87.17247386759581
57420,64800,87.17694183211425
57440,64800,87.17618384401115
57460,64800,87.17716672467803
57480,64800,87.17292971468336
57500,64800,87.17565217391305
57520,64800,87.17837273991655
57540,64800,87.17935349322211
57560,64800,87.17859624739403
57580,64800,87.1761028134769
57600,64800,87.17361111111111
57620,64800,87.17459215550156
57640,64800,87.17557251908397
57660,64800,87.1748178980229
57680,64800,87.17579750346741
57700,64800,87.1733102253033
57720,64800,87.17602217602217
57740,64800,87.17700034638032
57760,64800,87.17797783933518
57780,64800,87.18068535825545
57800,64800,87.18166089965398
57820,64800,87.18090626080941
57840,64800,87.18360995850622
57860,64800,87.18631178707224
57880,64800,87.18555632342778
57900,64800,87.18307426597582
57920,64800,87.17886740331491
57940,64800,87.17984121505005
57960,64800,87.1808143547274
57980,64800,87.18351155570886
58000,64800,87.18620689655172
58020,64800,87.18717683557394
58040,64800,87.19159200551344
58060,64800,87.1891147089218
58080,64800,87.1900826446281
58100,64800,87.19449225473322
58120,64800,87.19373709566415
58140,64800,87.19470244238046
58160,64800,87.19222833562586
58180,64800,87.19147473358542
58200,64800,87.19243986254295
58220,64800,87.18996908278942
58240,64800,87.19093406593407
58260,64800,87.19018194301408
58280,64800,87.19114619080302
58300,64800,87.19382504288164
58320,64800,87.19650205761317
58340,64800,87.19917723688721
58360,64800,87.1898560657985
58380,64800,87.19081877355259
58400,64800,87.18664383561644
58420,64800,87.18418349880179
58440,64800,87.18856947296372
58460,64800,87.18953130345535
58480,64800,87.19391244870042
58500,64800,87.18974358974359
58520,64800,87.18899521531101
58540,64800,87.18483088486505
58560,64800,87.18579234972678
58580,64800,87.18675315807442
58600,64800,87.18771331058021
58620,64800,87.18867280791538
58640,64800,87.18792633015006
58660,64800,87.18377088305489
58680,64800,87.18643490115883
58700,64800,87.18739352640546
58720,64800,87.1866485013624
58740,64800,87.1893088185223
58760,64800,87.19026548672566
58780,64800,87.19462402177611
58800,64800,87.1938775510204
58820,64800,87.19143148588915
58840,64800,87.19068660774983
58860,64800,87.1899422358138
58880,64800,87.18410326086956
58900,64800,87.18845500848896
58920,64800,87.18940936863544
58940,64800,87.1852731591449
58960,64800,87.18283582089552
58980,64800,87.18548660562902
59000,64800,87.1864406779661
59020,64800,87.18908844459506
59040,64800,87.1849593495935
59060,64800,87.18421943785981
59080,64800,87.18517264725796
59100,64800,87.18612521150592
59120,64800,87.18538565629228
59140,64800,87.18802840716943
59160,64800,87.183908045977
59180,64800,87.18148022980736
59200,64800,87.17905405405405
59220,64800,87.18000675447485
59240,64800,87.17589466576638
59260,64800,87.17684778940263
59280,64800,87.17780026990553
59300,64800,87.17706576728499
59320,64800,87.17970330411329
59340,64800,87.1840242669363
59360,64800,87.1866576819407
59380,64800,87.18592118558438
59400,64800,87.1902356902357
59420,64800,87.18949848535847
59440,64800,87.19044414535666
59460,64800,87.19138916918938
59480,64800,87.19569603227976
59500,64800,87.1983193277311
59520,64800,87.1975806451613
59540,64800,87.19852200201545
59560,64800,87.19946272666219
59580,64800,87.19704598858678
59600,64800,87.19798657718121
59620,64800,87.20228111372023
59640,64800,87.20154258886653
59660,64800,87.20583305397251
59680,64800,87.20676943699732
59700,64800,87.20770519262982
59720,64800,87.20864032150034
59740,64800,87.20622698359558
59760,64800,87.20716198125837
59780,64800,87.20140515222482
59800,64800,87.20401337792642
59820,64800,87.20160481444333
59840,64800,87.20086898395722
59860,64800,87.19846308052122
59880,64800,87.1993987975952
59900,64800,87.19699499165276
59920,64800,87.19459279038718
59940,64800,87.1921921921922
59960,64800,87.18979319546364
59980,64800,87.189063021007
60000,64800,87.19
60020,64800,87.18927024325225
60040,64800,87.18687541638907
60060,64800,87.18281718281719
60080,64800,87.18042609853529
60100,64800,87.17637271214642
60120,64800,87.1773120425815
60140,64800,87.17658796142335
60160,64800,87.17918882978724
60180,64800,87.17846460618145
60200,64800,87.17774086378738
60220,64800,87.18033875788774
60240,64800,87.18459495351925
60260,64800,87.18386989711252
60280,64800,87.18480424684805
60300,64800,87.18407960199005
60320,64800,87.18832891246684
60340,64800,87.18594630427577
60360,64800,87.1868787276342
60380,64800,87.18615435574694
60400,64800,87.18543046357615
60420,64800,87.18636213174446
60440,64800,87.19060225016545
60460,64800,87.19318557724115
60480,64800,87.19080687830687
60500,64800,87.19338842975206
60520,64800,87.19266358228684
60540,64800,87.19524281466799
60560,64800,87.19286657859973
60580,64800,87.19214262132716
60600,64800,87.1897689768977
60620,64800,87.19234576047509
60640,64800,87.19162269129288
60660,64800,87.18595450049456
60680,64800,87.18523401450231
60700,64800,87.1845140032949
60720,64800,87.18214756258234
60740,64800,87.18636812644057
60760,64800,87.19058591178407
60780,64800,87.19315564330371
60800,64800,87.19407894736842
60820,64800,87.19335744820782
60840,64800,87.19099276791584
60860,64800,87.19191587249425
60880,64800,87.19448094612352
60900,64800,87.19540229885058
60920,64800,87.1930400525279
60940,64800,87.192320315064
60960,64800,87.19324146981627
60980,64800,87.18924237454904
61000,64800,87.19016393442622
61020,64800,87.1894460832514
61040,64800,87.18872870249017
61060,64800,87.18637405830331
61080,64800,87.19056974459725
61100,64800,87.189852700491
61120,64800,87.19240837696336
61140,64800,87.19332679097154
61160,64800,87.19424460431655
61180,64800,87.19679633867277
61200,64800,87.19607843137256
61220,64800,87.1969944462594
61240,64800,87.19790986283475
61260,64800,87.20045706823376
61280,64800,87.20300261096605
61300,64800,87.20554649265905
61320,64800,87.20482713633399
61340,64800,87.20247799152266
61360,64800,87.19850065189048
61380,64800,87.20104268491366
61400,64800,87.20358306188925
61420,64800,87.20123738196027
61440,64800,87.2021484375
61460,64800,87.20143182557761
61480,64800,87.20396877033181
61500,64800,87.20325203252033
61520,64800,87.20416124837452
61540,64800,87.20506987325317
61560,64800,87.20760233918129
61580,64800,87.20850925625203
61600,64800,87.20941558441558
61620,64800,87.21032132424537
61640,64800,87.20311486048021
61660,64800,87.20077846253649
61680,64800,87.20168612191958
61700,64800,87.20097244732577
61720,64800,87.20349967595592
61740,64800,87.20602526724976
61760,64800,87.20531088082902
61780,64800,87.20621560375525
61800,64800,87.19902912621359
61820,64800,87.20155289550307
61840,64800,87.20245795601552
61860,64800,87.2049789848044
61880,64800,87.20265029088559
61900,64800,87.20193861066235
61920,64800,87.19961240310077
61940,64800,87.20213109460768
61960,64800,87.19980632666237
61980,64800,87.19748305905131
62000,64800,87.19516129032257
62020,64800,87.19606578523057
62040,64800,87.1969696969697
62060,64800,87.19948436996455
62080,64800,87.19877577319588
62100,64800,87.19967793880838
62120,64800,87.19575016097875
62140,64800,87.19504345027357
62160,64800,87.1975546975547
62180,64800,87.19684786104857
62200,64800,87.19774919614147
62220,64800,87.19864995178399
62240,64800,87.19633676092545
62260,64800,87.19241888853196
62280,64800,87.19171483622351
62300,64800,87.19582664526484
62320,64800,87.1951219512195
62340,64800,87.19120949631055
62360,64800,87.1905067350866
62380,64800,87.18980442449504
62400,64800,87.19391025641026
62420,64800,87.19480935597565
62440,64800,87.1941063420884
62460,64800,87.19660582772974
62480,64800,87.19750320102433
62500,64800,87.2
62520,64800,87.20089571337172
62540,64800,87.20179085385354
62560,64800,87.20428388746804
62580,64800,87.2067753275807
62600,64800,87.20447284345047
62620,64800,87.2053656978601
62640,64800,87.20625798212005
62660,64800,87.20555378231727
62680,64800,87.20485003190811
62700,64800,87.20414673046253
62720,64800,87.20503826530613
62740,64800,87.20433535224737
62760,64800,87.20363288718929
62780,64800,87.20611659764256
62800,64800,87.20700636942675
62820,64800,87.20471187519898
62840,64800,87.20241884150222
62860,64800,87.20330894050271
62880,64800,87.20419847328245
62900,64800,87.20508744038156
62920,64800,87.20120788302606
62940,64800,87.20368605020654
62960,64800,87.20457433290979
62980,64800,87.20704985709749
63000,64800,87.2063492063492
63020,64800,87.20723579815932
63040,64800,87.20653553299492
63060,64800,87.20742150333017
63080,64800,87.20672162333544
63100,64800,87.20602218700475
63120,64800,87.20532319391636
63140,64800,87.2093759898638
63160,64800,87.21184293856871
63180,64800,87.21272554605888
63200,64800,87.20886075949367
63220,64800,87.2113255298956
63240,64800,87.21537001897534
63260,64800,87.21466961745179
63280,64800,87.21554993678888
63300,64800,87.21484992101105
63320,64800,87.21099178774479
63340,64800,87.21029365329966
63360,64800,87.21117424242425
63380,64800,87.21363206058693
63400,64800,87.21293375394322
63420,64800,87.20435193945127
63440,64800,87.20208070617906
63460,64800,87.20138670028365
63480,64800,87.20069313169502
63500,64800,87.1984251968504
63520,64800,87.19930730478589
63540,64800,87.19704123386843
63560,64800,87.19477658904972
63580,64800,87.19251336898395
63600,64800,87.19182389937107
63620,64800,87.19270669600755
63640,64800,87.19201759899434
63660,64800,87.18818724473766
63680,64800,87.1875
63700,64800,87.18053375196233
63720,64800,87.18141870684244
63740,64800,87.18387197991842
63760,64800,87.1831869510665
63780,64800,87.18563813107558
63800,64800,87.18808777429467
63820,64800,87.19210278909432
63840,64800,87.19298245614036
63860,64800,87.19386157218916
63880,64800,87.19630557294929
63900,64800,87.19718309859155
63920,64800,87.19336670838548
63940,64800,87.19268063809821
63960,64800,87.19668542839274
63980,64800,87.19912472647702
64000,64800,87.2015625
64020,64800,87.19931271477664
64040,64800,87.19706433479075
64060,64800,87.19637839525446
64080,64800,87.19881398252184
64100,64800,87.1996879875195
64120,64800,87.19900187149095
64140,64800,87.20143436233239
64160,64800,87.20386533665835
64180,64800,87.20317856029916
64200,64800,87.20716510903426
64220,64800,87.21114917471193
64240,64800,87.21201743462018
64260,64800,87.21444133208838
64280,64800,87.21064094586185
64300,64800,87.20684292379471
64320,64800,87.20926616915423
64340,64800,87.2116879079888
64360,64800,87.2094468614046
64380,64800,87.2072072072072
64400,64800,87.20496894409938
64420,64800,87.20428438373176
64440,64800,87.20515207945375
64460,64800,87.20912193608439
64480,64800,87.2099875930521
64500,64800,87.2046511627907
64520,64800,87.2024178549287
64540,64800,87.20018593120545
64560,64800,87.19950433705081
64580,64800,87.19882316506659
64600,64800,87.19969040247678
64620,64800,87.20365212008666
64640,64800,87.20142326732673
64660,64800,87.20074234457161
64680,64800,87.19542362399505
64700,64800,87.19474497681607
64720,64800,87.19097651421508
64740,64800,87.18875502008032
64760,64800,87.18190240889437
64780,64800,87.182772460636
64800,64800,87.18364197530865
